Dates,variable,value,upper_ci,color,type,date.fmt,val.fmt,ci.fmt,text
2020-04-30,mod_2,80760,506679,Soc. Dist. + Travel Ban,solid,Apr 30,"80,760","506,679","Apr 30: 80,760 projected total cases<br>Projection upper CI: 506,679 cases<br>"
2020-04-30,mod_4,12775,93037,Moderate return,solid,Apr 30,"12,775","93,037","Apr 30: 12,775 projected total cases<br>Projection upper CI: 93,037 cases<br>"
2020-04-30,mod_5,12791,93166,Normal (pre-intervention),solid,Apr 30,"12,791","93,166","Apr 30: 12,791 projected total cases<br>Projection upper CI: 93,166 cases<br>"
2020-04-30,mod_6,12757,92260,Cautious return,solid,Apr 30,"12,757","92,260","Apr 30: 12,757 projected total cases<br>Projection upper CI: 92,260 cases<br>"
2020-05-01,mod_2,96288,598054,Soc. Dist. + Travel Ban,solid,May 01,"96,288","598,054","May 01: 96,288 projected total cases<br>Projection upper CI: 598,054 cases<br>"
2020-05-01,mod_4,13095,95955,Moderate return,solid,May 01,"13,095","95,955","May 01: 13,095 projected total cases<br>Projection upper CI: 95,955 cases<br>"
2020-05-01,mod_5,13132,95228,Normal (pre-intervention),solid,May 01,"13,132","95,228","May 01: 13,132 projected total cases<br>Projection upper CI: 95,228 cases<br>"
2020-05-01,mod_6,13071,94750,Cautious return,solid,May 01,"13,071","94,750","May 01: 13,071 projected total cases<br>Projection upper CI: 94,750 cases<br>"
2020-05-02,mod_2,114785,703358,Soc. Dist. + Travel Ban,solid,May 02,"114,785","703,358","May 02: 114,785 projected total cases<br>Projection upper CI: 703,358 cases<br>"
2020-05-02,mod_4,13432,98747,Moderate return,solid,May 02,"13,432","98,747","May 02: 13,432 projected total cases<br>Projection upper CI: 98,747 cases<br>"
2020-05-02,mod_5,13519,99121,Normal (pre-intervention),solid,May 02,"13,519","99,121","May 02: 13,519 projected total cases<br>Projection upper CI: 99,121 cases<br>"
2020-05-02,mod_6,13406,97756,Cautious return,solid,May 02,"13,406","97,756","May 02: 13,406 projected total cases<br>Projection upper CI: 97,756 cases<br>"
2020-05-03,mod_2,136664,826731,Soc. Dist. + Travel Ban,solid,May 03,"136,664","826,731","May 03: 136,664 projected total cases<br>Projection upper CI: 826,731 cases<br>"
2020-05-03,mod_4,13804,102007,Moderate return,solid,May 03,"13,804","102,007","May 03: 13,804 projected total cases<br>Projection upper CI: 102,007 cases<br>"
2020-05-03,mod_5,13944,102796,Normal (pre-intervention),solid,May 03,"13,944","102,796","May 03: 13,944 projected total cases<br>Projection upper CI: 102,796 cases<br>"
2020-05-03,mod_6,13751,101484,Cautious return,solid,May 03,"13,751","101,484","May 03: 13,751 projected total cases<br>Projection upper CI: 101,484 cases<br>"
2020-05-04,mod_2,162263,974147,Soc. Dist. + Travel Ban,solid,May 04,"162,263","974,147","May 04: 162,263 projected total cases<br>Projection upper CI: 974,147 cases<br>"
2020-05-04,mod_4,14213,104995,Moderate return,solid,May 04,"14,213","104,995","May 04: 14,213 projected total cases<br>Projection upper CI: 104,995 cases<br>"
2020-05-04,mod_5,14420,106832,Normal (pre-intervention),solid,May 04,"14,420","106,832","May 04: 14,420 projected total cases<br>Projection upper CI: 106,832 cases<br>"
2020-05-04,mod_6,14108,104174,Cautious return,solid,May 04,"14,108","104,174","May 04: 14,108 projected total cases<br>Projection upper CI: 104,174 cases<br>"
2020-05-05,mod_2,192014,1156824,Soc. Dist. + Travel Ban,solid,May 05,"192,014","1,156,824","May 05: 192,014 projected total cases<br>Projection upper CI: 1,156,824 cases<br>"
2020-05-05,mod_4,14663,109882,Moderate return,solid,May 05,"14,663","109,882","May 05: 14,663 projected total cases<br>Projection upper CI: 109,882 cases<br>"
2020-05-05,mod_5,14967,111607,Normal (pre-intervention),solid,May 05,"14,967","111,607","May 05: 14,967 projected total cases<br>Projection upper CI: 111,607 cases<br>"
2020-05-05,mod_6,14475,107294,Cautious return,solid,May 05,"14,475","107,294","May 05: 14,475 projected total cases<br>Projection upper CI: 107,294 cases<br>"
2020-05-06,mod_2,226311,1359675,Soc. Dist. + Travel Ban,solid,May 06,"226,311","1,359,675","May 06: 226,311 projected total cases<br>Projection upper CI: 1,359,675 cases<br>"
2020-05-06,mod_4,15153,114049,Moderate return,solid,May 06,"15,153","114,049","May 06: 15,153 projected total cases<br>Projection upper CI: 114,049 cases<br>"
2020-05-06,mod_5,15625,116686,Normal (pre-intervention),solid,May 06,"15,625","116,686","May 06: 15,625 projected total cases<br>Projection upper CI: 116,686 cases<br>"
2020-05-06,mod_6,14875,110357,Cautious return,solid,May 06,"14,875","110,357","May 06: 14,875 projected total cases<br>Projection upper CI: 110,357 cases<br>"
2020-05-07,mod_2,265414,1614110,Soc. Dist. + Travel Ban,solid,May 07,"265,414","1,614,110","May 07: 265,414 projected total cases<br>Projection upper CI: 1,614,110 cases<br>"
2020-05-07,mod_4,15715,118413,Moderate return,solid,May 07,"15,715","118,413","May 07: 15,715 projected total cases<br>Projection upper CI: 118,413 cases<br>"
2020-05-07,mod_5,16397,122312,Normal (pre-intervention),solid,May 07,"16,397","122,312","May 07: 16,397 projected total cases<br>Projection upper CI: 122,312 cases<br>"
2020-05-07,mod_6,15310,113066,Cautious return,solid,May 07,"15,310","113,066","May 07: 15,310 projected total cases<br>Projection upper CI: 113,066 cases<br>"
2020-05-08,mod_2,309651,1913977,Soc. Dist. + Travel Ban,solid,May 08,"309,651","1,913,977","May 08: 309,651 projected total cases<br>Projection upper CI: 1,913,977 cases<br>"
2020-05-08,mod_4,16331,122367,Moderate return,solid,May 08,"16,331","122,367","May 08: 16,331 projected total cases<br>Projection upper CI: 122,367 cases<br>"
2020-05-08,mod_5,17335,129562,Normal (pre-intervention),solid,May 08,"17,335","129,562","May 08: 17,335 projected total cases<br>Projection upper CI: 129,562 cases<br>"
2020-05-08,mod_6,15802,117886,Cautious return,solid,May 08,"15,802","117,886","May 08: 15,802 projected total cases<br>Projection upper CI: 117,886 cases<br>"
2020-05-09,mod_2,359296,2264204,Soc. Dist. + Travel Ban,solid,May 09,"359,296","2,264,204","May 09: 359,296 projected total cases<br>Projection upper CI: 2,264,204 cases<br>"
2020-05-09,mod_4,17042,128626,Moderate return,solid,May 09,"17,042","128,626","May 09: 17,042 projected total cases<br>Projection upper CI: 128,626 cases<br>"
2020-05-09,mod_5,18475,137234,Normal (pre-intervention),solid,May 09,"18,475","137,234","May 09: 18,475 projected total cases<br>Projection upper CI: 137,234 cases<br>"
2020-05-09,mod_6,16318,121545,Cautious return,solid,May 09,"16,318","121,545","May 09: 16,318 projected total cases<br>Projection upper CI: 121,545 cases<br>"
2020-05-10,mod_2,414484,2670115,Soc. Dist. + Travel Ban,solid,May 10,"414,484","2,670,115","May 10: 414,484 projected total cases<br>Projection upper CI: 2,670,115 cases<br>"
2020-05-10,mod_4,17861,133445,Moderate return,solid,May 10,"17,861","133,445","May 10: 17,861 projected total cases<br>Projection upper CI: 133,445 cases<br>"
2020-05-10,mod_5,19908,146093,Normal (pre-intervention),solid,May 10,"19,908","146,093","May 10: 19,908 projected total cases<br>Projection upper CI: 146,093 cases<br>"
2020-05-10,mod_6,16895,126645,Cautious return,solid,May 10,"16,895","126,645","May 10: 16,895 projected total cases<br>Projection upper CI: 126,645 cases<br>"
2020-05-11,mod_2,475547,3165161,Soc. Dist. + Travel Ban,solid,May 11,"475,547","3,165,161","May 11: 475,547 projected total cases<br>Projection upper CI: 3,165,161 cases<br>"
2020-05-11,mod_4,18829,140229,Moderate return,solid,May 11,"18,829","140,229","May 11: 18,829 projected total cases<br>Projection upper CI: 140,229 cases<br>"
2020-05-11,mod_5,21721,157160,Normal (pre-intervention),solid,May 11,"21,721","157,160","May 11: 21,721 projected total cases<br>Projection upper CI: 157,160 cases<br>"
2020-05-11,mod_6,17544,130923,Cautious return,solid,May 11,"17,544","130,923","May 11: 17,544 projected total cases<br>Projection upper CI: 130,923 cases<br>"
2020-05-12,mod_2,542535,3728590,Soc. Dist. + Travel Ban,solid,May 12,"542,535","3,728,590","May 12: 542,535 projected total cases<br>Projection upper CI: 3,728,590 cases<br>"
2020-05-12,mod_4,19985,148507,Moderate return,solid,May 12,"19,985","148,507","May 12: 19,985 projected total cases<br>Projection upper CI: 148,507 cases<br>"
2020-05-12,mod_5,24064,170516,Normal (pre-intervention),solid,May 12,"24,064","170,516","May 12: 24,064 projected total cases<br>Projection upper CI: 170,516 cases<br>"
2020-05-12,mod_6,18263,135914,Cautious return,solid,May 12,"18,263","135,914","May 12: 18,263 projected total cases<br>Projection upper CI: 135,914 cases<br>"
2020-05-13,mod_2,615492,4383036,Soc. Dist. + Travel Ban,solid,May 13,"615,492","4,383,036","May 13: 615,492 projected total cases<br>Projection upper CI: 4,383,036 cases<br>"
2020-05-13,mod_4,21358,157063,Moderate return,solid,May 13,"21,358","157,063","May 13: 21,358 projected total cases<br>Projection upper CI: 157,063 cases<br>"
2020-05-13,mod_5,27066,185888,Normal (pre-intervention),solid,May 13,"27,066","185,888","May 13: 27,066 projected total cases<br>Projection upper CI: 185,888 cases<br>"
2020-05-13,mod_6,19084,142003,Cautious return,solid,May 13,"19,084","142,003","May 13: 19,084 projected total cases<br>Projection upper CI: 142,003 cases<br>"
2020-05-14,mod_2,694541,5179636,Soc. Dist. + Travel Ban,solid,May 14,"694,541","5,179,636","May 14: 694,541 projected total cases<br>Projection upper CI: 5,179,636 cases<br>"
2020-05-14,mod_4,23034,166250,Moderate return,solid,May 14,"23,034","166,250","May 14: 23,034 projected total cases<br>Projection upper CI: 166,250 cases<br>"
2020-05-14,mod_5,30953,205974,Normal (pre-intervention),solid,May 14,"30,953","205,974","May 14: 30,953 projected total cases<br>Projection upper CI: 205,974 cases<br>"
2020-05-14,mod_6,20008,146564,Cautious return,solid,May 14,"20,008","146,564","May 14: 20,008 projected total cases<br>Projection upper CI: 146,564 cases<br>"
2020-05-15,mod_2,779661,6072806,Soc. Dist. + Travel Ban,solid,May 15,"779,661","6,072,806","May 15: 779,661 projected total cases<br>Projection upper CI: 6,072,806 cases<br>"
2020-05-15,mod_4,25083,176507,Moderate return,solid,May 15,"25,083","176,507","May 15: 25,083 projected total cases<br>Projection upper CI: 176,507 cases<br>"
2020-05-15,mod_5,36025,230613,Normal (pre-intervention),solid,May 15,"36,025","230,613","May 15: 36,025 projected total cases<br>Projection upper CI: 230,613 cases<br>"
2020-05-15,mod_6,21066,152069,Cautious return,solid,May 15,"21,066","152,069","May 15: 21,066 projected total cases<br>Projection upper CI: 152,069 cases<br>"
2020-05-16,mod_2,870738,7138747,Soc. Dist. + Travel Ban,solid,May 16,"870,738","7,138,747","May 16: 870,738 projected total cases<br>Projection upper CI: 7,138,747 cases<br>"
2020-05-16,mod_4,27622,188217,Moderate return,solid,May 16,"27,622","188,217","May 16: 27,622 projected total cases<br>Projection upper CI: 188,217 cases<br>"
2020-05-16,mod_5,42720,256114,Normal (pre-intervention),solid,May 16,"42,720","256,114","May 16: 42,720 projected total cases<br>Projection upper CI: 256,114 cases<br>"
2020-05-16,mod_6,22274,159249,Cautious return,solid,May 16,"22,274","159,249","May 16: 22,274 projected total cases<br>Projection upper CI: 159,249 cases<br>"
2020-05-17,mod_2,967660,8292105,Soc. Dist. + Travel Ban,solid,May 17,"967,660","8,292,105","May 17: 967,660 projected total cases<br>Projection upper CI: 8,292,105 cases<br>"
2020-05-17,mod_4,30780,202725,Moderate return,solid,May 17,"30,780","202,725","May 17: 30,780 projected total cases<br>Projection upper CI: 202,725 cases<br>"
2020-05-17,mod_5,51622,298188,Normal (pre-intervention),solid,May 17,"51,622","298,188","May 17: 51,622 projected total cases<br>Projection upper CI: 298,188 cases<br>"
2020-05-17,mod_6,23656,167025,Cautious return,solid,May 17,"23,656","167,025","May 17: 23,656 projected total cases<br>Projection upper CI: 167,025 cases<br>"
2020-05-18,mod_2,1070540,9633669,Soc. Dist. + Travel Ban,solid,May 18,"1,070,540","9,633,669","May 18: 1,070,540 projected total cases<br>Projection upper CI: 9,633,669 cases<br>"
2020-05-18,mod_4,34672,217159,Moderate return,solid,May 18,"34,672","217,159","May 18: 34,672 projected total cases<br>Projection upper CI: 217,159 cases<br>"
2020-05-18,mod_5,63612,349388,Normal (pre-intervention),solid,May 18,"63,612","349,388","May 18: 63,612 projected total cases<br>Projection upper CI: 349,388 cases<br>"
2020-05-18,mod_6,25236,174872,Cautious return,solid,May 18,"25,236","174,872","May 18: 25,236 projected total cases<br>Projection upper CI: 174,872 cases<br>"
2020-05-19,mod_2,1179176,11091187,Soc. Dist. + Travel Ban,solid,May 19,"1,179,176","11,091,187","May 19: 1,179,176 projected total cases<br>Projection upper CI: 11,091,187 cases<br>"
2020-05-19,mod_4,39493,237738,Moderate return,solid,May 19,"39,493","237,738","May 19: 39,493 projected total cases<br>Projection upper CI: 237,738 cases<br>"
2020-05-19,mod_5,79734,412744,Normal (pre-intervention),solid,May 19,"79,734","412,744","May 19: 79,734 projected total cases<br>Projection upper CI: 412,744 cases<br>"
2020-05-19,mod_6,27073,183634,Cautious return,solid,May 19,"27,073","183,634","May 19: 27,073 projected total cases<br>Projection upper CI: 183,634 cases<br>"
2020-05-20,mod_2,1293492,12701489,Soc. Dist. + Travel Ban,solid,May 20,"1,293,492","12,701,489","May 20: 1,293,492 projected total cases<br>Projection upper CI: 12,701,489 cases<br>"
2020-05-20,mod_4,45484,262224,Moderate return,solid,May 20,"45,484","262,224","May 20: 45,484 projected total cases<br>Projection upper CI: 262,224 cases<br>"
2020-05-20,mod_5,101304,493395,Normal (pre-intervention),solid,May 20,"101,304","493,395","May 20: 101,304 projected total cases<br>Projection upper CI: 493,395 cases<br>"
2020-05-20,mod_6,29192,192280,Cautious return,solid,May 20,"29,192","192,280","May 20: 29,192 projected total cases<br>Projection upper CI: 192,280 cases<br>"
2020-05-21,mod_2,1413151,14506659,Soc. Dist. + Travel Ban,solid,May 21,"1,413,151","14,506,659","May 21: 1,413,151 projected total cases<br>Projection upper CI: 14,506,659 cases<br>"
2020-05-21,mod_4,52690,286960,Moderate return,solid,May 21,"52,690","286,960","May 21: 52,690 projected total cases<br>Projection upper CI: 286,960 cases<br>"
2020-05-21,mod_5,129013,607013,Normal (pre-intervention),solid,May 21,"129,013","607,013","May 21: 129,013 projected total cases<br>Projection upper CI: 607,013 cases<br>"
2020-05-21,mod_6,31622,203204,Cautious return,solid,May 21,"31,622","203,204","May 21: 31,622 projected total cases<br>Projection upper CI: 203,204 cases<br>"
2020-05-22,mod_2,1538089,16381736,Soc. Dist. + Travel Ban,solid,May 22,"1,538,089","16,381,736","May 22: 1,538,089 projected total cases<br>Projection upper CI: 16,381,736 cases<br>"
2020-05-22,mod_4,61320,316845,Moderate return,solid,May 22,"61,320","316,845","May 22: 61,320 projected total cases<br>Projection upper CI: 316,845 cases<br>"
2020-05-22,mod_5,163753,744292,Normal (pre-intervention),solid,May 22,"163,753","744,292","May 22: 163,753 projected total cases<br>Projection upper CI: 744,292 cases<br>"
2020-05-22,mod_6,34374,215359,Cautious return,solid,May 22,"34,374","215,359","May 22: 34,374 projected total cases<br>Projection upper CI: 215,359 cases<br>"
2020-05-23,mod_2,1667977,18428521,Soc. Dist. + Travel Ban,solid,May 23,"1,667,977","18,428,521","May 23: 1,667,977 projected total cases<br>Projection upper CI: 18,428,521 cases<br>"
2020-05-23,mod_4,71559,349704,Moderate return,solid,May 23,"71,559","349,704","May 23: 71,559 projected total cases<br>Projection upper CI: 349,704 cases<br>"
2020-05-23,mod_5,206290,929816,Normal (pre-intervention),solid,May 23,"206,290","929,816","May 23: 206,290 projected total cases<br>Projection upper CI: 929,816 cases<br>"
2020-05-23,mod_6,37513,227054,Cautious return,solid,May 23,"37,513","227,054","May 23: 37,513 projected total cases<br>Projection upper CI: 227,054 cases<br>"
2020-05-24,mod_2,1802701,20639413,Soc. Dist. + Travel Ban,solid,May 24,"1,802,701","20,639,413","May 24: 1,802,701 projected total cases<br>Projection upper CI: 20,639,413 cases<br>"
2020-05-24,mod_4,83627,390998,Moderate return,solid,May 24,"83,627","390,998","May 24: 83,627 projected total cases<br>Projection upper CI: 390,998 cases<br>"
2020-05-24,mod_5,257369,1162175,Normal (pre-intervention),solid,May 24,"257,369","1,162,175","May 24: 257,369 projected total cases<br>Projection upper CI: 1,162,175 cases<br>"
2020-05-24,mod_6,41052,239195,Cautious return,solid,May 24,"41,052","239,195","May 24: 41,052 projected total cases<br>Projection upper CI: 239,195 cases<br>"
2020-05-25,mod_2,1941916,22923312,Soc. Dist. + Travel Ban,solid,May 25,"1,941,916","22,923,312","May 25: 1,941,916 projected total cases<br>Projection upper CI: 22,923,312 cases<br>"
2020-05-25,mod_4,97657,437361,Moderate return,solid,May 25,"97,657","437,361","May 25: 97,657 projected total cases<br>Projection upper CI: 437,361 cases<br>"
2020-05-25,mod_5,317435,1454347,Normal (pre-intervention),solid,May 25,"317,435","1,454,347","May 25: 317,435 projected total cases<br>Projection upper CI: 1,454,347 cases<br>"
2020-05-25,mod_6,45095,254195,Cautious return,solid,May 25,"45,095","254,195","May 25: 45,095 projected total cases<br>Projection upper CI: 254,195 cases<br>"
2020-05-26,mod_2,2085462,25382823,Soc. Dist. + Travel Ban,solid,May 26,"2,085,462","25,382,823","May 26: 2,085,462 projected total cases<br>Projection upper CI: 25,382,823 cases<br>"
2020-05-26,mod_4,113773,491051,Moderate return,solid,May 26,"113,773","491,051","May 26: 113,773 projected total cases<br>Projection upper CI: 491,051 cases<br>"
2020-05-26,mod_5,386950,1845991,Normal (pre-intervention),solid,May 26,"386,950","1,845,991","May 26: 386,950 projected total cases<br>Projection upper CI: 1,845,991 cases<br>"
2020-05-26,mod_6,49604,271387,Cautious return,solid,May 26,"49,604","271,387","May 26: 49,604 projected total cases<br>Projection upper CI: 271,387 cases<br>"
2020-05-27,mod_2,2233033,27939568,Soc. Dist. + Travel Ban,solid,May 27,"2,233,033","27,939,568","May 27: 2,233,033 projected total cases<br>Projection upper CI: 27,939,568 cases<br>"
2020-05-27,mod_4,132184,553956,Moderate return,solid,May 27,"132,184","553,956","May 27: 132,184 projected total cases<br>Projection upper CI: 553,956 cases<br>"
2020-05-27,mod_5,466138,2337441,Normal (pre-intervention),solid,May 27,"466,138","2,337,441","May 27: 466,138 projected total cases<br>Projection upper CI: 2,337,441 cases<br>"
2020-05-27,mod_6,54665,285448,Cautious return,solid,May 27,"54,665","285,448","May 27: 54,665 projected total cases<br>Projection upper CI: 285,448 cases<br>"
2020-05-28,mod_2,2384548,30584269,Soc. Dist. + Travel Ban,solid,May 28,"2,384,548","30,584,269","May 28: 2,384,548 projected total cases<br>Projection upper CI: 30,584,269 cases<br>"
2020-05-28,mod_4,152988,621155,Moderate return,solid,May 28,"152,988","621,155","May 28: 152,988 projected total cases<br>Projection upper CI: 621,155 cases<br>"
2020-05-28,mod_5,555166,2926915,Normal (pre-intervention),solid,May 28,"555,166","2,926,915","May 28: 555,166 projected total cases<br>Projection upper CI: 2,926,915 cases<br>"
2020-05-28,mod_6,60371,305079,Cautious return,solid,May 28,"60,371","305,079","May 28: 60,371 projected total cases<br>Projection upper CI: 305,079 cases<br>"
2020-05-29,mod_2,2539689,33461926,Soc. Dist. + Travel Ban,solid,May 29,"2,539,689","33,461,926","May 29: 2,539,689 projected total cases<br>Projection upper CI: 33,461,926 cases<br>"
2020-05-29,mod_4,176332,707248,Moderate return,solid,May 29,"176,332","707,248","May 29: 176,332 projected total cases<br>Projection upper CI: 707,248 cases<br>"
2020-05-29,mod_5,653963,3696066,Normal (pre-intervention),solid,May 29,"653,963","3,696,066","May 29: 653,963 projected total cases<br>Projection upper CI: 3,696,066 cases<br>"
2020-05-29,mod_6,66742,327351,Cautious return,solid,May 29,"66,742","327,351","May 29: 66,742 projected total cases<br>Projection upper CI: 327,351 cases<br>"
2020-05-30,mod_2,2698092,36207745,Soc. Dist. + Travel Ban,solid,May 30,"2,698,092","36,207,745","May 30: 2,698,092 projected total cases<br>Projection upper CI: 36,207,745 cases<br>"
2020-05-30,mod_4,202301,796200,Moderate return,solid,May 30,"202,301","796,200","May 30: 202,301 projected total cases<br>Projection upper CI: 796,200 cases<br>"
2020-05-30,mod_5,762192,4670496,Normal (pre-intervention),solid,May 30,"762,192","4,670,496","May 30: 762,192 projected total cases<br>Projection upper CI: 4,670,496 cases<br>"
2020-05-30,mod_6,73809,347736,Cautious return,solid,May 30,"73,809","347,736","May 30: 73,809 projected total cases<br>Projection upper CI: 347,736 cases<br>"
2020-05-31,mod_2,2859490,39089591,Soc. Dist. + Travel Ban,solid,May 31,"2,859,490","39,089,591","May 31: 2,859,490 projected total cases<br>Projection upper CI: 39,089,591 cases<br>"
2020-05-31,mod_4,231034,909245,Moderate return,solid,May 31,"231,034","909,245","May 31: 231,034 projected total cases<br>Projection upper CI: 909,245 cases<br>"
2020-05-31,mod_5,879538,5869769,Normal (pre-intervention),solid,May 31,"879,538","5,869,769","May 31: 879,538 projected total cases<br>Projection upper CI: 5,869,769 cases<br>"
2020-05-31,mod_6,81615,371896,Cautious return,solid,May 31,"81,615","371,896","May 31: 81,615 projected total cases<br>Projection upper CI: 371,896 cases<br>"
2020-06-01,mod_2,3023559,41915123,Soc. Dist. + Travel Ban,solid,Jun 01,"3,023,559","41,915,123","Jun 01: 3,023,559 projected total cases<br>Projection upper CI: 41,915,123 cases<br>"
2020-06-01,mod_4,262565,1039967,Moderate return,solid,Jun 01,"262,565","1,039,967","Jun 01: 262,565 projected total cases<br>Projection upper CI: 1,039,967 cases<br>"
2020-06-01,mod_5,1005346,7374243,Normal (pre-intervention),solid,Jun 01,"1,005,346","7,374,243","Jun 01: 1,005,346 projected total cases<br>Projection upper CI: 7,374,243 cases<br>"
2020-06-01,mod_6,90190,398588,Cautious return,solid,Jun 01,"90,190","398,588","Jun 01: 90,190 projected total cases<br>Projection upper CI: 398,588 cases<br>"
2020-06-02,mod_2,3190164,44690614,Soc. Dist. + Travel Ban,solid,Jun 02,"3,190,164","44,690,614","Jun 02: 3,190,164 projected total cases<br>Projection upper CI: 44,690,614 cases<br>"
2020-06-02,mod_4,296990,1192646,Moderate return,solid,Jun 02,"296,990","1,192,646","Jun 02: 296,990 projected total cases<br>Projection upper CI: 1,192,646 cases<br>"
2020-06-02,mod_5,1138996,9148722,Normal (pre-intervention),solid,Jun 02,"1,138,996","9,148,722","Jun 02: 1,138,996 projected total cases<br>Projection upper CI: 9,148,722 cases<br>"
2020-06-02,mod_6,99567,426972,Cautious return,solid,Jun 02,"99,567","426,972","Jun 02: 99,567 projected total cases<br>Projection upper CI: 426,972 cases<br>"
2020-06-03,mod_2,3359023,47602941,Soc. Dist. + Travel Ban,solid,Jun 03,"3,359,023","47,602,941","Jun 03: 3,359,023 projected total cases<br>Projection upper CI: 47,602,941 cases<br>"
2020-06-03,mod_4,334311,1355949,Moderate return,solid,Jun 03,"334,311","1,355,949","Jun 03: 334,311 projected total cases<br>Projection upper CI: 1,355,949 cases<br>"
2020-06-03,mod_5,1279622,11280262,Normal (pre-intervention),solid,Jun 03,"1,279,622","11,280,262","Jun 03: 1,279,622 projected total cases<br>Projection upper CI: 11,280,262 cases<br>"
2020-06-03,mod_6,109809,456503,Cautious return,solid,Jun 03,"109,809","456,503","Jun 03: 109,809 projected total cases<br>Projection upper CI: 456,503 cases<br>"
2020-06-04,mod_2,3529998,50404212,Soc. Dist. + Travel Ban,solid,Jun 04,"3,529,998","50,404,212","Jun 04: 3,529,998 projected total cases<br>Projection upper CI: 50,404,212 cases<br>"
2020-06-04,mod_4,374538,1554033,Moderate return,solid,Jun 04,"374,538","1,554,033","Jun 04: 374,538 projected total cases<br>Projection upper CI: 1,554,033 cases<br>"
2020-06-04,mod_5,1426579,13766350,Normal (pre-intervention),solid,Jun 04,"1,426,579","13,766,350","Jun 04: 1,426,579 projected total cases<br>Projection upper CI: 13,766,350 cases<br>"
2020-06-04,mod_6,120899,494329,Cautious return,solid,Jun 04,"120,899","494,329","Jun 04: 120,899 projected total cases<br>Projection upper CI: 494,329 cases<br>"
2020-06-05,mod_2,3702766,53292946,Soc. Dist. + Travel Ban,solid,Jun 05,"3,702,766","53,292,946","Jun 05: 3,702,766 projected total cases<br>Projection upper CI: 53,292,946 cases<br>"
2020-06-05,mod_4,417704,1783198,Moderate return,solid,Jun 05,"417,704","1,783,198","Jun 05: 417,704 projected total cases<br>Projection upper CI: 1,783,198 cases<br>"
2020-06-05,mod_5,1578932,16562172,Normal (pre-intervention),solid,Jun 05,"1,578,932","16,562,172","Jun 05: 1,578,932 projected total cases<br>Projection upper CI: 16,562,172 cases<br>"
2020-06-05,mod_6,132860,529957,Cautious return,solid,Jun 05,"132,860","529,957","Jun 05: 132,860 projected total cases<br>Projection upper CI: 529,957 cases<br>"
2020-06-06,mod_2,3876902,55784619,Soc. Dist. + Travel Ban,solid,Jun 06,"3,876,902","55,784,619","Jun 06: 3,876,902 projected total cases<br>Projection upper CI: 55,784,619 cases<br>"
2020-06-06,mod_4,463702,2034437,Moderate return,solid,Jun 06,"463,702","2,034,437","Jun 06: 463,702 projected total cases<br>Projection upper CI: 2,034,437 cases<br>"
2020-06-06,mod_5,1736125,19585054,Normal (pre-intervention),solid,Jun 06,"1,736,125","19,585,054","Jun 06: 1,736,125 projected total cases<br>Projection upper CI: 19,585,054 cases<br>"
2020-06-06,mod_6,145752,567011,Cautious return,solid,Jun 06,"145,752","567,011","Jun 06: 145,752 projected total cases<br>Projection upper CI: 567,011 cases<br>"
2020-06-07,mod_2,4052433,58130768,Soc. Dist. + Travel Ban,solid,Jun 07,"4,052,433","58,130,768","Jun 07: 4,052,433 projected total cases<br>Projection upper CI: 58,130,768 cases<br>"
2020-06-07,mod_4,512483,2336151,Moderate return,solid,Jun 07,"512,483","2,336,151","Jun 07: 512,483 projected total cases<br>Projection upper CI: 2,336,151 cases<br>"
2020-06-07,mod_5,1897512,22820511,Normal (pre-intervention),solid,Jun 07,"1,897,512","22,820,511","Jun 07: 1,897,512 projected total cases<br>Projection upper CI: 22,820,511 cases<br>"
2020-06-07,mod_6,159573,608290,Cautious return,solid,Jun 07,"159,573","608,290","Jun 07: 159,573 projected total cases<br>Projection upper CI: 608,290 cases<br>"
2020-06-08,mod_2,4229252,60439433,Soc. Dist. + Travel Ban,solid,Jun 08,"4,229,252","60,439,433","Jun 08: 4,229,252 projected total cases<br>Projection upper CI: 60,439,433 cases<br>"
2020-06-08,mod_4,563977,2661606,Moderate return,solid,Jun 08,"563,977","2,661,606","Jun 08: 563,977 projected total cases<br>Projection upper CI: 2,661,606 cases<br>"
2020-06-08,mod_5,2062339,26296431,Normal (pre-intervention),solid,Jun 08,"2,062,339","26,296,431","Jun 08: 2,062,339 projected total cases<br>Projection upper CI: 26,296,431 cases<br>"
2020-06-08,mod_6,174343,657837,Cautious return,solid,Jun 08,"174,343","657,837","Jun 08: 174,343 projected total cases<br>Projection upper CI: 657,837 cases<br>"
2020-06-09,mod_2,4406826,62486391,Soc. Dist. + Travel Ban,solid,Jun 09,"4,406,826","62,486,391","Jun 09: 4,406,826 projected total cases<br>Projection upper CI: 62,486,391 cases<br>"
2020-06-09,mod_4,618162,3075986,Moderate return,solid,Jun 09,"618,162","3,075,986","Jun 09: 618,162 projected total cases<br>Projection upper CI: 3,075,986 cases<br>"
2020-06-09,mod_5,2230111,29948529,Normal (pre-intervention),solid,Jun 09,"2,230,111","29,948,529","Jun 09: 2,230,111 projected total cases<br>Projection upper CI: 29,948,529 cases<br>"
2020-06-09,mod_6,190058,713557,Cautious return,solid,Jun 09,"190,058","713,557","Jun 09: 190,058 projected total cases<br>Projection upper CI: 713,557 cases<br>"
2020-06-10,mod_2,4585118,64624920,Soc. Dist. + Travel Ban,solid,Jun 10,"4,585,118","64,624,920","Jun 10: 4,585,118 projected total cases<br>Projection upper CI: 64,624,920 cases<br>"
2020-06-10,mod_4,674817,3514459,Moderate return,solid,Jun 10,"674,817","3,514,459","Jun 10: 674,817 projected total cases<br>Projection upper CI: 3,514,459 cases<br>"
2020-06-10,mod_5,2400123,33576267,Normal (pre-intervention),solid,Jun 10,"2,400,123","33,576,267","Jun 10: 2,400,123 projected total cases<br>Projection upper CI: 33,576,267 cases<br>"
2020-06-10,mod_6,206703,765410,Cautious return,solid,Jun 10,"206,703","765,410","Jun 10: 206,703 projected total cases<br>Projection upper CI: 765,410 cases<br>"
2020-06-11,mod_2,4763998,66454500,Soc. Dist. + Travel Ban,solid,Jun 11,"4,763,998","66,454,500","Jun 11: 4,763,998 projected total cases<br>Projection upper CI: 66,454,500 cases<br>"
2020-06-11,mod_4,734003,4027873,Moderate return,solid,Jun 11,"734,003","4,027,873","Jun 11: 734,003 projected total cases<br>Projection upper CI: 4,027,873 cases<br>"
2020-06-11,mod_5,2571996,37352788,Normal (pre-intervention),solid,Jun 11,"2,571,996","37,352,788","Jun 11: 2,571,996 projected total cases<br>Projection upper CI: 37,352,788 cases<br>"
2020-06-11,mod_6,224356,829301,Cautious return,solid,Jun 11,"224,356","829,301","Jun 11: 224,356 projected total cases<br>Projection upper CI: 829,301 cases<br>"
2020-06-12,mod_2,4943024,68155218,Soc. Dist. + Travel Ban,solid,Jun 12,"4,943,024","68,155,218","Jun 12: 4,943,024 projected total cases<br>Projection upper CI: 68,155,218 cases<br>"
2020-06-12,mod_4,795542,4584240,Moderate return,solid,Jun 12,"795,542","4,584,240","Jun 12: 795,542 projected total cases<br>Projection upper CI: 4,584,240 cases<br>"
2020-06-12,mod_5,2745156,41142656,Normal (pre-intervention),solid,Jun 12,"2,745,156","41,142,656","Jun 12: 2,745,156 projected total cases<br>Projection upper CI: 41,142,656 cases<br>"
2020-06-12,mod_6,242936,901422,Cautious return,solid,Jun 12,"242,936","901,422","Jun 12: 242,936 projected total cases<br>Projection upper CI: 901,422 cases<br>"
2020-06-13,mod_2,5122120,69860262,Soc. Dist. + Travel Ban,solid,Jun 13,"5,122,120","69,860,262","Jun 13: 5,122,120 projected total cases<br>Projection upper CI: 69,860,262 cases<br>"
2020-06-13,mod_4,859218,5244754,Moderate return,solid,Jun 13,"859,218","5,244,754","Jun 13: 859,218 projected total cases<br>Projection upper CI: 5,244,754 cases<br>"
2020-06-13,mod_5,2919147,45330241,Normal (pre-intervention),solid,Jun 13,"2,919,147","45,330,241","Jun 13: 2,919,147 projected total cases<br>Projection upper CI: 45,330,241 cases<br>"
2020-06-13,mod_6,262521,971111,Cautious return,solid,Jun 13,"262,521","971,111","Jun 13: 262,521 projected total cases<br>Projection upper CI: 971,111 cases<br>"
2020-06-14,mod_2,5301020,71407834,Soc. Dist. + Travel Ban,solid,Jun 14,"5,301,020","71,407,834","Jun 14: 5,301,020 projected total cases<br>Projection upper CI: 71,407,834 cases<br>"
2020-06-14,mod_4,924923,5991333,Moderate return,solid,Jun 14,"924,923","5,991,333","Jun 14: 924,923 projected total cases<br>Projection upper CI: 5,991,333 cases<br>"
2020-06-14,mod_5,3093560,49627316,Normal (pre-intervention),solid,Jun 14,"3,093,560","49,627,316","Jun 14: 3,093,560 projected total cases<br>Projection upper CI: 49,627,316 cases<br>"
2020-06-14,mod_6,283017,1052916,Cautious return,solid,Jun 14,"283,017","1,052,916","Jun 14: 283,017 projected total cases<br>Projection upper CI: 1,052,916 cases<br>"
2020-06-15,mod_2,5479811,72848768,Soc. Dist. + Travel Ban,solid,Jun 15,"5,479,811","72,848,768","Jun 15: 5,479,811 projected total cases<br>Projection upper CI: 72,848,768 cases<br>"
2020-06-15,mod_4,992633,6796470,Moderate return,solid,Jun 15,"992,633","6,796,470","Jun 15: 992,633 projected total cases<br>Projection upper CI: 6,796,470 cases<br>"
2020-06-15,mod_5,3268064,53691827,Normal (pre-intervention),solid,Jun 15,"3,268,064","53,691,827","Jun 15: 3,268,064 projected total cases<br>Projection upper CI: 53,691,827 cases<br>"
2020-06-15,mod_6,304508,1140833,Cautious return,solid,Jun 15,"304,508","1,140,833","Jun 15: 304,508 projected total cases<br>Projection upper CI: 1,140,833 cases<br>"
2020-06-16,mod_2,5658106,74339285,Soc. Dist. + Travel Ban,solid,Jun 16,"5,658,106","74,339,285","Jun 16: 5,658,106 projected total cases<br>Projection upper CI: 74,339,285 cases<br>"
2020-06-16,mod_4,1062144,7693328,Moderate return,solid,Jun 16,"1,062,144","7,693,328","Jun 16: 1,062,144 projected total cases<br>Projection upper CI: 7,693,328 cases<br>"
2020-06-16,mod_5,3442154,57806269,Normal (pre-intervention),solid,Jun 16,"3,442,154","57,806,269","Jun 16: 3,442,154 projected total cases<br>Projection upper CI: 57,806,269 cases<br>"
2020-06-16,mod_6,326903,1232833,Cautious return,solid,Jun 16,"326,903","1,232,833","Jun 16: 326,903 projected total cases<br>Projection upper CI: 1,232,833 cases<br>"
2020-06-17,mod_2,5835877,75430875,Soc. Dist. + Travel Ban,solid,Jun 17,"5,835,877","75,430,875","Jun 17: 5,835,877 projected total cases<br>Projection upper CI: 75,430,875 cases<br>"
2020-06-17,mod_4,1133348,8683892,Moderate return,solid,Jun 17,"1,133,348","8,683,892","Jun 17: 1,133,348 projected total cases<br>Projection upper CI: 8,683,892 cases<br>"
2020-06-17,mod_5,3615369,61831070,Normal (pre-intervention),solid,Jun 17,"3,615,369","61,831,070","Jun 17: 3,615,369 projected total cases<br>Projection upper CI: 61,831,070 cases<br>"
2020-06-17,mod_6,350213,1331513,Cautious return,solid,Jun 17,"350,213","1,331,513","Jun 17: 350,213 projected total cases<br>Projection upper CI: 1,331,513 cases<br>"
2020-06-18,mod_2,6012892,76613894,Soc. Dist. + Travel Ban,solid,Jun 18,"6,012,892","76,613,894","Jun 18: 6,012,892 projected total cases<br>Projection upper CI: 76,613,894 cases<br>"
2020-06-18,mod_4,1206035,9757402,Moderate return,solid,Jun 18,"1,206,035","9,757,402","Jun 18: 1,206,035 projected total cases<br>Projection upper CI: 9,757,402 cases<br>"
2020-06-18,mod_5,3787514,65525977,Normal (pre-intervention),solid,Jun 18,"3,787,514","65,525,977","Jun 18: 3,787,514 projected total cases<br>Projection upper CI: 65,525,977 cases<br>"
2020-06-18,mod_6,374492,1458486,Cautious return,solid,Jun 18,"374,492","1,458,486","Jun 18: 374,492 projected total cases<br>Projection upper CI: 1,458,486 cases<br>"
2020-06-19,mod_2,6189158,77631855,Soc. Dist. + Travel Ban,solid,Jun 19,"6,189,158","77,631,855","Jun 19: 6,189,158 projected total cases<br>Projection upper CI: 77,631,855 cases<br>"
2020-06-19,mod_4,1280136,10922397,Moderate return,solid,Jun 19,"1,280,136","10,922,397","Jun 19: 1,280,136 projected total cases<br>Projection upper CI: 10,922,397 cases<br>"
2020-06-19,mod_5,3958101,69158762,Normal (pre-intervention),solid,Jun 19,"3,958,101","69,158,762","Jun 19: 3,958,101 projected total cases<br>Projection upper CI: 69,158,762 cases<br>"
2020-06-19,mod_6,399586,1583646,Cautious return,solid,Jun 19,"399,586","1,583,646","Jun 19: 399,586 projected total cases<br>Projection upper CI: 1,583,646 cases<br>"
2020-06-20,mod_2,6364498,78693300,Soc. Dist. + Travel Ban,solid,Jun 20,"6,364,498","78,693,300","Jun 20: 6,364,498 projected total cases<br>Projection upper CI: 78,693,300 cases<br>"
2020-06-20,mod_4,1355468,12244342,Moderate return,solid,Jun 20,"1,355,468","12,244,342","Jun 20: 1,355,468 projected total cases<br>Projection upper CI: 12,244,342 cases<br>"
2020-06-20,mod_5,4127168,72682923,Normal (pre-intervention),solid,Jun 20,"4,127,168","72,682,923","Jun 20: 4,127,168 projected total cases<br>Projection upper CI: 72,682,923 cases<br>"
2020-06-20,mod_6,425562,1705147,Cautious return,solid,Jun 20,"425,562","1,705,147","Jun 20: 425,562 projected total cases<br>Projection upper CI: 1,705,147 cases<br>"
2020-06-21,mod_2,6538890,79622063,Soc. Dist. + Travel Ban,solid,Jun 21,"6,538,890","79,622,063","Jun 21: 6,538,890 projected total cases<br>Projection upper CI: 79,622,063 cases<br>"
2020-06-21,mod_4,1431981,13489962,Moderate return,solid,Jun 21,"1,431,981","13,489,962","Jun 21: 1,431,981 projected total cases<br>Projection upper CI: 13,489,962 cases<br>"
2020-06-21,mod_5,4294179,75868597,Normal (pre-intervention),solid,Jun 21,"4,294,179","75,868,597","Jun 21: 4,294,179 projected total cases<br>Projection upper CI: 75,868,597 cases<br>"
2020-06-21,mod_6,452360,1830318,Cautious return,solid,Jun 21,"452,360","1,830,318","Jun 21: 452,360 projected total cases<br>Projection upper CI: 1,830,318 cases<br>"
2020-06-22,mod_2,6711938,80483485,Soc. Dist. + Travel Ban,solid,Jun 22,"6,711,938","80,483,485","Jun 22: 6,711,938 projected total cases<br>Projection upper CI: 80,483,485 cases<br>"
2020-06-22,mod_4,1509631,15029407,Moderate return,solid,Jun 22,"1,509,631","15,029,407","Jun 22: 1,509,631 projected total cases<br>Projection upper CI: 15,029,407 cases<br>"
2020-06-22,mod_5,4459113,78773278,Normal (pre-intervention),solid,Jun 22,"4,459,113","78,773,278","Jun 22: 4,459,113 projected total cases<br>Projection upper CI: 78,773,278 cases<br>"
2020-06-22,mod_6,480002,1991229,Cautious return,solid,Jun 22,"480,002","1,991,229","Jun 22: 480,002 projected total cases<br>Projection upper CI: 1,991,229 cases<br>"
2020-06-23,mod_2,6883976,81220762,Soc. Dist. + Travel Ban,solid,Jun 23,"6,883,976","81,220,762","Jun 23: 6,883,976 projected total cases<br>Projection upper CI: 81,220,762 cases<br>"
2020-06-23,mod_4,1588068,16544073,Moderate return,solid,Jun 23,"1,588,068","16,544,073","Jun 23: 1,588,068 projected total cases<br>Projection upper CI: 16,544,073 cases<br>"
2020-06-23,mod_5,4621810,81429639,Normal (pre-intervention),solid,Jun 23,"4,621,810","81,429,639","Jun 23: 4,621,810 projected total cases<br>Projection upper CI: 81,429,639 cases<br>"
2020-06-23,mod_6,508342,2164288,Cautious return,solid,Jun 23,"508,342","2,164,288","Jun 23: 508,342 projected total cases<br>Projection upper CI: 2,164,288 cases<br>"
2020-06-24,mod_2,7054388,81956554,Soc. Dist. + Travel Ban,solid,Jun 24,"7,054,388","81,956,554","Jun 24: 7,054,388 projected total cases<br>Projection upper CI: 81,956,554 cases<br>"
2020-06-24,mod_4,1667232,18172231,Moderate return,solid,Jun 24,"1,667,232","18,172,231","Jun 24: 1,667,232 projected total cases<br>Projection upper CI: 18,172,231 cases<br>"
2020-06-24,mod_5,4782076,83913936,Normal (pre-intervention),solid,Jun 24,"4,782,076","83,913,936","Jun 24: 4,782,076 projected total cases<br>Projection upper CI: 83,913,936 cases<br>"
2020-06-24,mod_6,537390,2353450,Cautious return,solid,Jun 24,"537,390","2,353,450","Jun 24: 537,390 projected total cases<br>Projection upper CI: 2,353,450 cases<br>"
2020-06-25,mod_2,7223455,82642945,Soc. Dist. + Travel Ban,solid,Jun 25,"7,223,455","82,642,945","Jun 25: 7,223,455 projected total cases<br>Projection upper CI: 82,642,945 cases<br>"
2020-06-25,mod_4,1747147,19882061,Moderate return,solid,Jun 25,"1,747,147","19,882,061","Jun 25: 1,747,147 projected total cases<br>Projection upper CI: 19,882,061 cases<br>"
2020-06-25,mod_5,4939698,86188553,Normal (pre-intervention),solid,Jun 25,"4,939,698","86,188,553","Jun 25: 4,939,698 projected total cases<br>Projection upper CI: 86,188,553 cases<br>"
2020-06-25,mod_6,567179,2552245,Cautious return,solid,Jun 25,"567,179","2,552,245","Jun 25: 567,179 projected total cases<br>Projection upper CI: 2,552,245 cases<br>"
2020-06-26,mod_2,7391214,83356723,Soc. Dist. + Travel Ban,solid,Jun 26,"7,391,214","83,356,723","Jun 26: 7,391,214 projected total cases<br>Projection upper CI: 83,356,723 cases<br>"
2020-06-26,mod_4,1827592,21621346,Moderate return,solid,Jun 26,"1,827,592","21,621,346","Jun 26: 1,827,592 projected total cases<br>Projection upper CI: 21,621,346 cases<br>"
2020-06-26,mod_5,5094724,88230749,Normal (pre-intervention),solid,Jun 26,"5,094,724","88,230,749","Jun 26: 5,094,724 projected total cases<br>Projection upper CI: 88,230,749 cases<br>"
2020-06-26,mod_6,597583,2772839,Cautious return,solid,Jun 26,"597,583","2,772,839","Jun 26: 597,583 projected total cases<br>Projection upper CI: 2,772,839 cases<br>"
2020-06-27,mod_2,7557465,83945790,Soc. Dist. + Travel Ban,solid,Jun 27,"7,557,465","83,945,790","Jun 27: 7,557,465 projected total cases<br>Projection upper CI: 83,945,790 cases<br>"
2020-06-27,mod_4,1908478,23457419,Moderate return,solid,Jun 27,"1,908,478","23,457,419","Jun 27: 1,908,478 projected total cases<br>Projection upper CI: 23,457,419 cases<br>"
2020-06-27,mod_5,5247021,89919082,Normal (pre-intervention),solid,Jun 27,"5,247,021","89,919,082","Jun 27: 5,247,021 projected total cases<br>Projection upper CI: 89,919,082 cases<br>"
2020-06-27,mod_6,628623,2992241,Cautious return,solid,Jun 27,"628,623","2,992,241","Jun 27: 628,623 projected total cases<br>Projection upper CI: 2,992,241 cases<br>"
2020-06-28,mod_2,7722026,84534294,Soc. Dist. + Travel Ban,solid,Jun 28,"7,722,026","84,534,294","Jun 28: 7,722,026 projected total cases<br>Projection upper CI: 84,534,294 cases<br>"
2020-06-28,mod_4,1989891,25491004,Moderate return,solid,Jun 28,"1,989,891","25,491,004","Jun 28: 1,989,891 projected total cases<br>Projection upper CI: 25,491,004 cases<br>"
2020-06-28,mod_5,5396628,91600757,Normal (pre-intervention),solid,Jun 28,"5,396,628","91,600,757","Jun 28: 5,396,628 projected total cases<br>Projection upper CI: 91,600,757 cases<br>"
2020-06-28,mod_6,660309,3259755,Cautious return,solid,Jun 28,"660,309","3,259,755","Jun 28: 660,309 projected total cases<br>Projection upper CI: 3,259,755 cases<br>"
2020-06-29,mod_2,7885131,85028086,Soc. Dist. + Travel Ban,solid,Jun 29,"7,885,131","85,028,086","Jun 29: 7,885,131 projected total cases<br>Projection upper CI: 85,028,086 cases<br>"
2020-06-29,mod_4,2071410,27478186,Moderate return,solid,Jun 29,"2,071,410","27,478,186","Jun 29: 2,071,410 projected total cases<br>Projection upper CI: 27,478,186 cases<br>"
2020-06-29,mod_5,5543328,92925893,Normal (pre-intervention),solid,Jun 29,"5,543,328","92,925,893","Jun 29: 5,543,328 projected total cases<br>Projection upper CI: 92,925,893 cases<br>"
2020-06-29,mod_6,692599,3518128,Cautious return,solid,Jun 29,"692,599","3,518,128","Jun 29: 692,599 projected total cases<br>Projection upper CI: 3,518,128 cases<br>"
2020-06-30,mod_2,8046638,85550583,Soc. Dist. + Travel Ban,solid,Jun 30,"8,046,638","85,550,583","Jun 30: 8,046,638 projected total cases<br>Projection upper CI: 85,550,583 cases<br>"
2020-06-30,mod_4,2153151,29565484,Moderate return,solid,Jun 30,"2,153,151","29,565,484","Jun 30: 2,153,151 projected total cases<br>Projection upper CI: 29,565,484 cases<br>"
2020-06-30,mod_5,5687291,94060037,Normal (pre-intervention),solid,Jun 30,"5,687,291","94,060,037","Jun 30: 5,687,291 projected total cases<br>Projection upper CI: 94,060,037 cases<br>"
2020-06-30,mod_6,725501,3826447,Cautious return,solid,Jun 30,"725,501","3,826,447","Jun 30: 725,501 projected total cases<br>Projection upper CI: 3,826,447 cases<br>"
2020-07-01,mod_2,8206438,86004790,Soc. Dist. + Travel Ban,solid,Jul 01,"8,206,438","86,004,790","Jul 01: 8,206,438 projected total cases<br>Projection upper CI: 86,004,790 cases<br>"
2020-07-01,mod_4,2235010,31725181,Moderate return,solid,Jul 01,"2,235,010","31,725,181","Jul 01: 2,235,010 projected total cases<br>Projection upper CI: 31,725,181 cases<br>"
2020-07-01,mod_5,5828567,95160685,Normal (pre-intervention),solid,Jul 01,"5,828,567","95,160,685","Jul 01: 5,828,567 projected total cases<br>Projection upper CI: 95,160,685 cases<br>"
2020-07-01,mod_6,758891,4110151,Cautious return,solid,Jul 01,"758,891","4,110,151","Jul 01: 758,891 projected total cases<br>Projection upper CI: 4,110,151 cases<br>"
2020-07-02,mod_2,8364582,86453182,Soc. Dist. + Travel Ban,solid,Jul 02,"8,364,582","86,453,182","Jul 02: 8,364,582 projected total cases<br>Projection upper CI: 86,453,182 cases<br>"
2020-07-02,mod_4,2316793,34122187,Moderate return,solid,Jul 02,"2,316,793","34,122,187","Jul 02: 2,316,793 projected total cases<br>Projection upper CI: 34,122,187 cases<br>"
2020-07-02,mod_5,5967057,96090224,Normal (pre-intervention),solid,Jul 02,"5,967,057","96,090,224","Jul 02: 5,967,057 projected total cases<br>Projection upper CI: 96,090,224 cases<br>"
2020-07-02,mod_6,792812,4447435,Cautious return,solid,Jul 02,"792,812","4,447,435","Jul 02: 792,812 projected total cases<br>Projection upper CI: 4,447,435 cases<br>"
2020-07-03,mod_2,8521068,86879657,Soc. Dist. + Travel Ban,solid,Jul 03,"8,521,068","86,879,657","Jul 03: 8,521,068 projected total cases<br>Projection upper CI: 86,879,657 cases<br>"
2020-07-03,mod_4,2398396,36275968,Moderate return,solid,Jul 03,"2,398,396","36,275,968","Jul 03: 2,398,396 projected total cases<br>Projection upper CI: 36,275,968 cases<br>"
2020-07-03,mod_5,6102682,96946997,Normal (pre-intervention),solid,Jul 03,"6,102,682","96,946,997","Jul 03: 6,102,682 projected total cases<br>Projection upper CI: 96,946,997 cases<br>"
2020-07-03,mod_6,827148,4798093,Cautious return,solid,Jul 03,"827,148","4,798,093","Jul 03: 827,148 projected total cases<br>Projection upper CI: 4,798,093 cases<br>"
2020-07-04,mod_2,8675790,87319559,Soc. Dist. + Travel Ban,solid,Jul 04,"8,675,790","87,319,559","Jul 04: 8,675,790 projected total cases<br>Projection upper CI: 87,319,559 cases<br>"
2020-07-04,mod_4,2479951,38589117,Moderate return,solid,Jul 04,"2,479,951","38,589,117","Jul 04: 2,479,951 projected total cases<br>Projection upper CI: 38,589,117 cases<br>"
2020-07-04,mod_5,6235629,97608294,Normal (pre-intervention),solid,Jul 04,"6,235,629","97,608,294","Jul 04: 6,235,629 projected total cases<br>Projection upper CI: 97,608,294 cases<br>"
2020-07-04,mod_6,861928,5183216,Cautious return,solid,Jul 04,"861,928","5,183,216","Jul 04: 861,928 projected total cases<br>Projection upper CI: 5,183,216 cases<br>"
2020-07-05,mod_2,8828730,87697380,Soc. Dist. + Travel Ban,solid,Jul 05,"8,828,730","87,697,380","Jul 05: 8,828,730 projected total cases<br>Projection upper CI: 87,697,380 cases<br>"
2020-07-05,mod_4,2561290,40881833,Moderate return,solid,Jul 05,"2,561,290","40,881,833","Jul 05: 2,561,290 projected total cases<br>Projection upper CI: 40,881,833 cases<br>"
2020-07-05,mod_5,6365744,98305038,Normal (pre-intervention),solid,Jul 05,"6,365,744","98,305,038","Jul 05: 6,365,744 projected total cases<br>Projection upper CI: 98,305,038 cases<br>"
2020-07-05,mod_6,897035,5559599,Cautious return,solid,Jul 05,"897,035","5,559,599","Jul 05: 897,035 projected total cases<br>Projection upper CI: 5,559,599 cases<br>"
2020-07-06,mod_2,8980090,88015444,Soc. Dist. + Travel Ban,solid,Jul 06,"8,980,090","88,015,444","Jul 06: 8,980,090 projected total cases<br>Projection upper CI: 88,015,444 cases<br>"
2020-07-06,mod_4,2642249,43290017,Moderate return,solid,Jul 06,"2,642,249","43,290,017","Jul 06: 2,642,249 projected total cases<br>Projection upper CI: 43,290,017 cases<br>"
2020-07-06,mod_5,6493241,98831548,Normal (pre-intervention),solid,Jul 06,"6,493,241","98,831,548","Jul 06: 6,493,241 projected total cases<br>Projection upper CI: 98,831,548 cases<br>"
2020-07-06,mod_6,932578,5991351,Cautious return,solid,Jul 06,"932,578","5,991,351","Jul 06: 932,578 projected total cases<br>Projection upper CI: 5,991,351 cases<br>"
2020-07-07,mod_2,9129510,88297197,Soc. Dist. + Travel Ban,solid,Jul 07,"9,129,510","88,297,197","Jul 07: 9,129,510 projected total cases<br>Projection upper CI: 88,297,197 cases<br>"
2020-07-07,mod_4,2722837,45508061,Moderate return,solid,Jul 07,"2,722,837","45,508,061","Jul 07: 2,722,837 projected total cases<br>Projection upper CI: 45,508,061 cases<br>"
2020-07-07,mod_5,6617804,99268883,Normal (pre-intervention),solid,Jul 07,"6,617,804","99,268,883","Jul 07: 6,617,804 projected total cases<br>Projection upper CI: 99,268,883 cases<br>"
2020-07-07,mod_6,968489,6435937,Cautious return,solid,Jul 07,"968,489","6,435,937","Jul 07: 968,489 projected total cases<br>Projection upper CI: 6,435,937 cases<br>"
2020-07-08,mod_2,9277139,88628129,Soc. Dist. + Travel Ban,solid,Jul 08,"9,277,139","88,628,129","Jul 08: 9,277,139 projected total cases<br>Projection upper CI: 88,628,129 cases<br>"
2020-07-08,mod_4,2803007,47806880,Moderate return,solid,Jul 08,"2,803,007","47,806,880","Jul 08: 2,803,007 projected total cases<br>Projection upper CI: 47,806,880 cases<br>"
2020-07-08,mod_5,6739637,99843506,Normal (pre-intervention),solid,Jul 08,"6,739,637","99,843,506","Jul 08: 6,739,637 projected total cases<br>Projection upper CI: 99,843,506 cases<br>"
2020-07-08,mod_6,1004765,6894908,Cautious return,solid,Jul 08,"1,004,765","6,894,908","Jul 08: 1,004,765 projected total cases<br>Projection upper CI: 6,894,908 cases<br>"
2020-07-09,mod_2,9422837,88844104,Soc. Dist. + Travel Ban,solid,Jul 09,"9,422,837","88,844,104","Jul 09: 9,422,837 projected total cases<br>Projection upper CI: 88,844,104 cases<br>"
2020-07-09,mod_4,2882558,49942303,Moderate return,solid,Jul 09,"2,882,558","49,942,303","Jul 09: 2,882,558 projected total cases<br>Projection upper CI: 49,942,303 cases<br>"
2020-07-09,mod_5,6858857,100265320,Normal (pre-intervention),solid,Jul 09,"6,858,857","100,265,320","Jul 09: 6,858,857 projected total cases<br>Projection upper CI: 100,265,320 cases<br>"
2020-07-09,mod_6,1041331,7413951,Cautious return,solid,Jul 09,"1,041,331","7,413,951","Jul 09: 1,041,331 projected total cases<br>Projection upper CI: 7,413,951 cases<br>"
2020-07-10,mod_2,9566825,89129733,Soc. Dist. + Travel Ban,solid,Jul 10,"9,566,825","89,129,733","Jul 10: 9,566,825 projected total cases<br>Projection upper CI: 89,129,733 cases<br>"
2020-07-10,mod_4,2961575,52176744,Moderate return,solid,Jul 10,"2,961,575","52,176,744","Jul 10: 2,961,575 projected total cases<br>Projection upper CI: 52,176,744 cases<br>"
2020-07-10,mod_5,6975368,100637365,Normal (pre-intervention),solid,Jul 10,"6,975,368","100,637,365","Jul 10: 6,975,368 projected total cases<br>Projection upper CI: 100,637,365 cases<br>"
2020-07-10,mod_6,1078054,7912670,Cautious return,solid,Jul 10,"1,078,054","7,912,670","Jul 10: 1,078,054 projected total cases<br>Projection upper CI: 7,912,670 cases<br>"
2020-07-11,mod_2,9708730,89394641,Soc. Dist. + Travel Ban,solid,Jul 11,"9,708,730","89,394,641","Jul 11: 9,708,730 projected total cases<br>Projection upper CI: 89,394,641 cases<br>"
2020-07-11,mod_4,3039939,54333307,Moderate return,solid,Jul 11,"3,039,939","54,333,307","Jul 11: 3,039,939 projected total cases<br>Projection upper CI: 54,333,307 cases<br>"
2020-07-11,mod_5,7089127,100883234,Normal (pre-intervention),solid,Jul 11,"7,089,127","100,883,234","Jul 11: 7,089,127 projected total cases<br>Projection upper CI: 100,883,234 cases<br>"
2020-07-11,mod_6,1115090,8495711,Cautious return,solid,Jul 11,"1,115,090","8,495,711","Jul 11: 1,115,090 projected total cases<br>Projection upper CI: 8,495,711 cases<br>"
2020-07-12,mod_2,9848994,89603040,Soc. Dist. + Travel Ban,solid,Jul 12,"9,848,994","89,603,040","Jul 12: 9,848,994 projected total cases<br>Projection upper CI: 89,603,040 cases<br>"
2020-07-12,mod_4,3117631,56454196,Moderate return,solid,Jul 12,"3,117,631","56,454,196","Jul 12: 3,117,631 projected total cases<br>Projection upper CI: 56,454,196 cases<br>"
2020-07-12,mod_5,7200267,101113749,Normal (pre-intervention),solid,Jul 12,"7,200,267","101,113,749","Jul 12: 7,200,267 projected total cases<br>Projection upper CI: 101,113,749 cases<br>"
2020-07-12,mod_6,1152316,9033330,Cautious return,solid,Jul 12,"1,152,316","9,033,330","Jul 12: 1,152,316 projected total cases<br>Projection upper CI: 9,033,330 cases<br>"
2020-07-13,mod_2,9987361,89808322,Soc. Dist. + Travel Ban,solid,Jul 13,"9,987,361","89,808,322","Jul 13: 9,987,361 projected total cases<br>Projection upper CI: 89,808,322 cases<br>"
2020-07-13,mod_4,3194715,58388396,Moderate return,solid,Jul 13,"3,194,715","58,388,396","Jul 13: 3,194,715 projected total cases<br>Projection upper CI: 58,388,396 cases<br>"
2020-07-13,mod_5,7308905,101382140,Normal (pre-intervention),solid,Jul 13,"7,308,905","101,382,140","Jul 13: 7,308,905 projected total cases<br>Projection upper CI: 101,382,140 cases<br>"
2020-07-13,mod_6,1189731,9707840,Cautious return,solid,Jul 13,"1,189,731","9,707,840","Jul 13: 1,189,731 projected total cases<br>Projection upper CI: 9,707,840 cases<br>"
2020-07-14,mod_2,10123729,90046343,Soc. Dist. + Travel Ban,solid,Jul 14,"10,123,729","90,046,343","Jul 14: 10,123,729 projected total cases<br>Projection upper CI: 90,046,343 cases<br>"
2020-07-14,mod_4,3270956,60112181,Moderate return,solid,Jul 14,"3,270,956","60,112,181","Jul 14: 3,270,956 projected total cases<br>Projection upper CI: 60,112,181 cases<br>"
2020-07-14,mod_5,7414912,101612898,Normal (pre-intervention),solid,Jul 14,"7,414,912","101,612,898","Jul 14: 7,414,912 projected total cases<br>Projection upper CI: 101,612,898 cases<br>"
2020-07-14,mod_6,1227359,10301896,Cautious return,solid,Jul 14,"1,227,359","10,301,896","Jul 14: 1,227,359 projected total cases<br>Projection upper CI: 10,301,896 cases<br>"
2020-07-15,mod_2,10258165,90219472,Soc. Dist. + Travel Ban,solid,Jul 15,"10,258,165","90,219,472","Jul 15: 10,258,165 projected total cases<br>Projection upper CI: 90,219,472 cases<br>"
2020-07-15,mod_4,3346439,61959577,Moderate return,solid,Jul 15,"3,346,439","61,959,577","Jul 15: 3,346,439 projected total cases<br>Projection upper CI: 61,959,577 cases<br>"
2020-07-15,mod_5,7518420,101756599,Normal (pre-intervention),solid,Jul 15,"7,518,420","101,756,599","Jul 15: 7,518,420 projected total cases<br>Projection upper CI: 101,756,599 cases<br>"
2020-07-15,mod_6,1265099,10970667,Cautious return,solid,Jul 15,"1,265,099","10,970,667","Jul 15: 1,265,099 projected total cases<br>Projection upper CI: 10,970,667 cases<br>"
2020-07-16,mod_2,10390825,90524927,Soc. Dist. + Travel Ban,solid,Jul 16,"10,390,825","90,524,927","Jul 16: 10,390,825 projected total cases<br>Projection upper CI: 90,524,927 cases<br>"
2020-07-16,mod_4,3421105,63523914,Moderate return,solid,Jul 16,"3,421,105","63,523,914","Jul 16: 3,421,105 projected total cases<br>Projection upper CI: 63,523,914 cases<br>"
2020-07-16,mod_5,7619664,101943597,Normal (pre-intervention),solid,Jul 16,"7,619,664","101,943,597","Jul 16: 7,619,664 projected total cases<br>Projection upper CI: 101,943,597 cases<br>"
2020-07-16,mod_6,1302951,11720199,Cautious return,solid,Jul 16,"1,302,951","11,720,199","Jul 16: 1,302,951 projected total cases<br>Projection upper CI: 11,720,199 cases<br>"
2020-07-17,mod_2,10521409,90677782,Soc. Dist. + Travel Ban,solid,Jul 17,"10,521,409","90,677,782","Jul 17: 10,521,409 projected total cases<br>Projection upper CI: 90,677,782 cases<br>"
2020-07-17,mod_4,3495013,65159700,Moderate return,solid,Jul 17,"3,495,013","65,159,700","Jul 17: 3,495,013 projected total cases<br>Projection upper CI: 65,159,700 cases<br>"
2020-07-17,mod_5,7718248,102097950,Normal (pre-intervention),solid,Jul 17,"7,718,248","102,097,950","Jul 17: 7,718,248 projected total cases<br>Projection upper CI: 102,097,950 cases<br>"
2020-07-17,mod_6,1340923,12411557,Cautious return,solid,Jul 17,"1,340,923","12,411,557","Jul 17: 1,340,923 projected total cases<br>Projection upper CI: 12,411,557 cases<br>"
2020-07-18,mod_2,10650198,90796838,Soc. Dist. + Travel Ban,solid,Jul 18,"10,650,198","90,796,838","Jul 18: 10,650,198 projected total cases<br>Projection upper CI: 90,796,838 cases<br>"
2020-07-18,mod_4,3567999,66602880,Moderate return,solid,Jul 18,"3,567,999","66,602,880","Jul 18: 3,567,999 projected total cases<br>Projection upper CI: 66,602,880 cases<br>"
2020-07-18,mod_5,7814555,102219952,Normal (pre-intervention),solid,Jul 18,"7,814,555","102,219,952","Jul 18: 7,814,555 projected total cases<br>Projection upper CI: 102,219,952 cases<br>"
2020-07-18,mod_6,1378903,13187326,Cautious return,solid,Jul 18,"1,378,903","13,187,326","Jul 18: 1,378,903 projected total cases<br>Projection upper CI: 13,187,326 cases<br>"
2020-07-19,mod_2,10777211,91005496,Soc. Dist. + Travel Ban,solid,Jul 19,"10,777,211","91,005,496","Jul 19: 10,777,211 projected total cases<br>Projection upper CI: 91,005,496 cases<br>"
2020-07-19,mod_4,3640137,68042467,Moderate return,solid,Jul 19,"3,640,137","68,042,467","Jul 19: 3,640,137 projected total cases<br>Projection upper CI: 68,042,467 cases<br>"
2020-07-19,mod_5,7908560,102356906,Normal (pre-intervention),solid,Jul 19,"7,908,560","102,356,906","Jul 19: 7,908,560 projected total cases<br>Projection upper CI: 102,356,906 cases<br>"
2020-07-19,mod_6,1416902,13940908,Cautious return,solid,Jul 19,"1,416,902","13,940,908","Jul 19: 1,416,902 projected total cases<br>Projection upper CI: 13,940,908 cases<br>"
2020-07-20,mod_2,10902249,91129700,Soc. Dist. + Travel Ban,solid,Jul 20,"10,902,249","91,129,700","Jul 20: 10,902,249 projected total cases<br>Projection upper CI: 91,129,700 cases<br>"
2020-07-20,mod_4,3711371,69299052,Moderate return,solid,Jul 20,"3,711,371","69,299,052","Jul 20: 3,711,371 projected total cases<br>Projection upper CI: 69,299,052 cases<br>"
2020-07-20,mod_5,8000224,102441894,Normal (pre-intervention),solid,Jul 20,"8,000,224","102,441,894","Jul 20: 8,000,224 projected total cases<br>Projection upper CI: 102,441,894 cases<br>"
2020-07-20,mod_6,1454922,14813032,Cautious return,solid,Jul 20,"1,454,922","14,813,032","Jul 20: 1,454,922 projected total cases<br>Projection upper CI: 14,813,032 cases<br>"
2020-07-21,mod_2,11025368,91298508,Soc. Dist. + Travel Ban,solid,Jul 21,"11,025,368","91,298,508","Jul 21: 11,025,368 projected total cases<br>Projection upper CI: 91,298,508 cases<br>"
2020-07-21,mod_4,3781656,70460564,Moderate return,solid,Jul 21,"3,781,656","70,460,564","Jul 21: 3,781,656 projected total cases<br>Projection upper CI: 70,460,564 cases<br>"
2020-07-21,mod_5,8089642,102457926,Normal (pre-intervention),solid,Jul 21,"8,089,642","102,457,926","Jul 21: 8,089,642 projected total cases<br>Projection upper CI: 102,457,926 cases<br>"
2020-07-21,mod_6,1492960,15696927,Cautious return,solid,Jul 21,"1,492,960","15,696,927","Jul 21: 1,492,960 projected total cases<br>Projection upper CI: 15,696,927 cases<br>"
2020-07-22,mod_2,11146665,91424117,Soc. Dist. + Travel Ban,solid,Jul 22,"11,146,665","91,424,117","Jul 22: 11,146,665 projected total cases<br>Projection upper CI: 91,424,117 cases<br>"
2020-07-22,mod_4,3851090,71582097,Moderate return,solid,Jul 22,"3,851,090","71,582,097","Jul 22: 3,851,090 projected total cases<br>Projection upper CI: 71,582,097 cases<br>"
2020-07-22,mod_5,8176957,102533112,Normal (pre-intervention),solid,Jul 22,"8,176,957","102,533,112","Jul 22: 8,176,957 projected total cases<br>Projection upper CI: 102,533,112 cases<br>"
2020-07-22,mod_6,1530956,16531389,Cautious return,solid,Jul 22,"1,530,956","16,531,389","Jul 22: 1,530,956 projected total cases<br>Projection upper CI: 16,531,389 cases<br>"
2020-07-23,mod_2,11265971,91515275,Soc. Dist. + Travel Ban,solid,Jul 23,"11,265,971","91,515,275","Jul 23: 11,265,971 projected total cases<br>Projection upper CI: 91,515,275 cases<br>"
2020-07-23,mod_4,3919650,72547161,Moderate return,solid,Jul 23,"3,919,650","72,547,161","Jul 23: 3,919,650 projected total cases<br>Projection upper CI: 72,547,161 cases<br>"
2020-07-23,mod_5,8262084,102596637,Normal (pre-intervention),solid,Jul 23,"8,262,084","102,596,637","Jul 23: 8,262,084 projected total cases<br>Projection upper CI: 102,596,637 cases<br>"
2020-07-23,mod_6,1568940,17422787,Cautious return,solid,Jul 23,"1,568,940","17,422,787","Jul 23: 1,568,940 projected total cases<br>Projection upper CI: 17,422,787 cases<br>"
2020-07-24,mod_2,11383407,91622818,Soc. Dist. + Travel Ban,solid,Jul 24,"11,383,407","91,622,818","Jul 24: 11,383,407 projected total cases<br>Projection upper CI: 91,622,818 cases<br>"
2020-07-24,mod_4,3987295,73439833,Moderate return,solid,Jul 24,"3,987,295","73,439,833","Jul 24: 3,987,295 projected total cases<br>Projection upper CI: 73,439,833 cases<br>"
2020-07-24,mod_5,8345156,102580045,Normal (pre-intervention),solid,Jul 24,"8,345,156","102,580,045","Jul 24: 8,345,156 projected total cases<br>Projection upper CI: 102,580,045 cases<br>"
2020-07-24,mod_6,1606692,18440770,Cautious return,solid,Jul 24,"1,606,692","18,440,770","Jul 24: 1,606,692 projected total cases<br>Projection upper CI: 18,440,770 cases<br>"
2020-07-25,mod_2,11499135,91778888,Soc. Dist. + Travel Ban,solid,Jul 25,"11,499,135","91,778,888","Jul 25: 11,499,135 projected total cases<br>Projection upper CI: 91,778,888 cases<br>"
2020-07-25,mod_4,4053918,74431122,Moderate return,solid,Jul 25,"4,053,918","74,431,122","Jul 25: 4,053,918 projected total cases<br>Projection upper CI: 74,431,122 cases<br>"
2020-07-25,mod_5,8426245,102597013,Normal (pre-intervention),solid,Jul 25,"8,426,245","102,597,013","Jul 25: 8,426,245 projected total cases<br>Projection upper CI: 102,597,013 cases<br>"
2020-07-25,mod_6,1644443,19396736,Cautious return,solid,Jul 25,"1,644,443","19,396,736","Jul 25: 1,644,443 projected total cases<br>Projection upper CI: 19,396,736 cases<br>"
2020-07-26,mod_2,11612984,91842987,Soc. Dist. + Travel Ban,solid,Jul 26,"11,612,984","91,842,987","Jul 26: 11,612,984 projected total cases<br>Projection upper CI: 91,842,987 cases<br>"
2020-07-26,mod_4,4119772,75145727,Moderate return,solid,Jul 26,"4,119,772","75,145,727","Jul 26: 4,119,772 projected total cases<br>Projection upper CI: 75,145,727 cases<br>"
2020-07-26,mod_5,8505223,102660301,Normal (pre-intervention),solid,Jul 26,"8,505,223","102,660,301","Jul 26: 8,505,223 projected total cases<br>Projection upper CI: 102,660,301 cases<br>"
2020-07-26,mod_6,1681989,20466455,Cautious return,solid,Jul 26,"1,681,989","20,466,455","Jul 26: 1,681,989 projected total cases<br>Projection upper CI: 20,466,455 cases<br>"
2020-07-27,mod_2,11725505,91953410,Soc. Dist. + Travel Ban,solid,Jul 27,"11,725,505","91,953,410","Jul 27: 11,725,505 projected total cases<br>Projection upper CI: 91,953,410 cases<br>"
2020-07-27,mod_4,4184625,75957662,Moderate return,solid,Jul 27,"4,184,625","75,957,662","Jul 27: 4,184,625 projected total cases<br>Projection upper CI: 75,957,662 cases<br>"
2020-07-27,mod_5,8582423,102627671,Normal (pre-intervention),solid,Jul 27,"8,582,423","102,627,671","Jul 27: 8,582,423 projected total cases<br>Projection upper CI: 102,627,671 cases<br>"
2020-07-27,mod_6,1719444,21512650,Cautious return,solid,Jul 27,"1,719,444","21,512,650","Jul 27: 1,719,444 projected total cases<br>Projection upper CI: 21,512,650 cases<br>"
2020-07-28,mod_2,11835984,92016520,Soc. Dist. + Travel Ban,solid,Jul 28,"11,835,984","92,016,520","Jul 28: 11,835,984 projected total cases<br>Projection upper CI: 92,016,520 cases<br>"
2020-07-28,mod_4,4248560,76525043,Moderate return,solid,Jul 28,"4,248,560","76,525,043","Jul 28: 4,248,560 projected total cases<br>Projection upper CI: 76,525,043 cases<br>"
2020-07-28,mod_5,8657678,102644648,Normal (pre-intervention),solid,Jul 28,"8,657,678","102,644,648","Jul 28: 8,657,678 projected total cases<br>Projection upper CI: 102,644,648 cases<br>"
2020-07-28,mod_6,1756927,22576947,Cautious return,solid,Jul 28,"1,756,927","22,576,947","Jul 28: 1,756,927 projected total cases<br>Projection upper CI: 22,576,947 cases<br>"
2020-07-29,mod_2,11944604,92161334,Soc. Dist. + Travel Ban,solid,Jul 29,"11,944,604","92,161,334","Jul 29: 11,944,604 projected total cases<br>Projection upper CI: 92,161,334 cases<br>"
2020-07-29,mod_4,4311535,77219779,Moderate return,solid,Jul 29,"4,311,535","77,219,779","Jul 29: 4,311,535 projected total cases<br>Projection upper CI: 77,219,779 cases<br>"
2020-07-29,mod_5,8731133,102521069,Normal (pre-intervention),solid,Jul 29,"8,731,133","102,521,069","Jul 29: 8,731,133 projected total cases<br>Projection upper CI: 102,521,069 cases<br>"
2020-07-29,mod_6,1794051,23620606,Cautious return,solid,Jul 29,"1,794,051","23,620,606","Jul 29: 1,794,051 projected total cases<br>Projection upper CI: 23,620,606 cases<br>"
2020-07-30,mod_2,12051576,92226475,Soc. Dist. + Travel Ban,solid,Jul 30,"12,051,576","92,226,475","Jul 30: 12,051,576 projected total cases<br>Projection upper CI: 92,226,475 cases<br>"
2020-07-30,mod_4,4373685,77836878,Moderate return,solid,Jul 30,"4,373,685","77,836,878","Jul 30: 4,373,685 projected total cases<br>Projection upper CI: 77,836,878 cases<br>"
2020-07-30,mod_5,8802964,102542387,Normal (pre-intervention),solid,Jul 30,"8,802,964","102,542,387","Jul 30: 8,802,964 projected total cases<br>Projection upper CI: 102,542,387 cases<br>"
2020-07-30,mod_6,1831076,24705971,Cautious return,solid,Jul 30,"1,831,076","24,705,971","Jul 30: 1,831,076 projected total cases<br>Projection upper CI: 24,705,971 cases<br>"
2020-07-31,mod_2,12156779,92285222,Soc. Dist. + Travel Ban,solid,Jul 31,"12,156,779","92,285,222","Jul 31: 12,156,779 projected total cases<br>Projection upper CI: 92,285,222 cases<br>"
2020-07-31,mod_4,4434871,78426632,Moderate return,solid,Jul 31,"4,434,871","78,426,632","Jul 31: 4,434,871 projected total cases<br>Projection upper CI: 78,426,632 cases<br>"
2020-07-31,mod_5,8872832,102446631,Normal (pre-intervention),solid,Jul 31,"8,872,832","102,446,631","Jul 31: 8,872,832 projected total cases<br>Projection upper CI: 102,446,631 cases<br>"
2020-07-31,mod_6,1867854,25931810,Cautious return,solid,Jul 31,"1,867,854","25,931,810","Jul 31: 1,867,854 projected total cases<br>Projection upper CI: 25,931,810 cases<br>"
2020-08-01,mod_2,12260360,92397558,Soc. Dist. + Travel Ban,solid,Aug 01,"12,260,360","92,397,558","Aug 01: 12,260,360 projected total cases<br>Projection upper CI: 92,397,558 cases<br>"
2020-08-01,mod_4,4495215,79032085,Moderate return,solid,Aug 01,"4,495,215","79,032,085","Aug 01: 4,495,215 projected total cases<br>Projection upper CI: 79,032,085 cases<br>"
2020-08-01,mod_5,8941086,102390976,Normal (pre-intervention),solid,Aug 01,"8,941,086","102,390,976","Aug 01: 8,941,086 projected total cases<br>Projection upper CI: 102,390,976 cases<br>"
2020-08-01,mod_6,1904439,26997037,Cautious return,solid,Aug 01,"1,904,439","26,997,037","Aug 01: 1,904,439 projected total cases<br>Projection upper CI: 26,997,037 cases<br>"
2020-08-02,mod_2,12362409,92466302,Soc. Dist. + Travel Ban,solid,Aug 02,"12,362,409","92,466,302","Aug 02: 12,362,409 projected total cases<br>Projection upper CI: 92,466,302 cases<br>"
2020-08-02,mod_4,4554474,79432403,Moderate return,solid,Aug 02,"4,554,474","79,432,403","Aug 02: 4,554,474 projected total cases<br>Projection upper CI: 79,432,403 cases<br>"
2020-08-02,mod_5,9007761,102304113,Normal (pre-intervention),solid,Aug 02,"9,007,761","102,304,113","Aug 02: 9,007,761 projected total cases<br>Projection upper CI: 102,304,113 cases<br>"
2020-08-02,mod_6,1940817,28313755,Cautious return,solid,Aug 02,"1,940,817","28,313,755","Aug 02: 1,940,817 projected total cases<br>Projection upper CI: 28,313,755 cases<br>"
2020-08-03,mod_2,12462753,92493656,Soc. Dist. + Travel Ban,solid,Aug 03,"12,462,753","92,493,656","Aug 03: 12,462,753 projected total cases<br>Projection upper CI: 92,493,656 cases<br>"
2020-08-03,mod_4,4613022,79919309,Moderate return,solid,Aug 03,"4,613,022","79,919,309","Aug 03: 4,613,022 projected total cases<br>Projection upper CI: 79,919,309 cases<br>"
2020-08-03,mod_5,9072761,102275331,Normal (pre-intervention),solid,Aug 03,"9,072,761","102,275,331","Aug 03: 9,072,761 projected total cases<br>Projection upper CI: 102,275,331 cases<br>"
2020-08-03,mod_6,1976983,29527684,Cautious return,solid,Aug 03,"1,976,983","29,527,684","Aug 03: 1,976,983 projected total cases<br>Projection upper CI: 29,527,684 cases<br>"
2020-08-04,mod_2,12561585,92551456,Soc. Dist. + Travel Ban,solid,Aug 04,"12,561,585","92,551,456","Aug 04: 12,561,585 projected total cases<br>Projection upper CI: 92,551,456 cases<br>"
2020-08-04,mod_4,4670617,80321819,Moderate return,solid,Aug 04,"4,670,617","80,321,819","Aug 04: 4,670,617 projected total cases<br>Projection upper CI: 80,321,819 cases<br>"
2020-08-04,mod_5,9136113,102246937,Normal (pre-intervention),solid,Aug 04,"9,136,113","102,246,937","Aug 04: 9,136,113 projected total cases<br>Projection upper CI: 102,246,937 cases<br>"
2020-08-04,mod_6,2012787,30712756,Cautious return,solid,Aug 04,"2,012,787","30,712,756","Aug 04: 2,012,787 projected total cases<br>Projection upper CI: 30,712,756 cases<br>"
2020-08-05,mod_2,12658753,92643069,Soc. Dist. + Travel Ban,solid,Aug 05,"12,658,753","92,643,069","Aug 05: 12,658,753 projected total cases<br>Projection upper CI: 92,643,069 cases<br>"
2020-08-05,mod_4,4727342,80717621,Moderate return,solid,Aug 05,"4,727,342","80,717,621","Aug 05: 4,727,342 projected total cases<br>Projection upper CI: 80,717,621 cases<br>"
2020-08-05,mod_5,9197974,102161025,Normal (pre-intervention),solid,Aug 05,"9,197,974","102,161,025","Aug 05: 9,197,974 projected total cases<br>Projection upper CI: 102,161,025 cases<br>"
2020-08-05,mod_6,2048367,31878160,Cautious return,solid,Aug 05,"2,048,367","31,878,160","Aug 05: 2,048,367 projected total cases<br>Projection upper CI: 31,878,160 cases<br>"
2020-08-06,mod_2,12753996,92663504,Soc. Dist. + Travel Ban,solid,Aug 06,"12,753,996","92,663,504","Aug 06: 12,753,996 projected total cases<br>Projection upper CI: 92,663,504 cases<br>"
2020-08-06,mod_4,4783174,81069193,Moderate return,solid,Aug 06,"4,783,174","81,069,193","Aug 06: 4,783,174 projected total cases<br>Projection upper CI: 81,069,193 cases<br>"
2020-08-06,mod_5,9258301,102088309,Normal (pre-intervention),solid,Aug 06,"9,258,301","102,088,309","Aug 06: 9,258,301 projected total cases<br>Projection upper CI: 102,088,309 cases<br>"
2020-08-06,mod_6,2083691,33127770,Cautious return,solid,Aug 06,"2,083,691","33,127,770","Aug 06: 2,083,691 projected total cases<br>Projection upper CI: 33,127,770 cases<br>"
2020-08-07,mod_2,12847756,92708549,Soc. Dist. + Travel Ban,solid,Aug 07,"12,847,756","92,708,549","Aug 07: 12,847,756 projected total cases<br>Projection upper CI: 92,708,549 cases<br>"
2020-08-07,mod_4,4838100,81437619,Moderate return,solid,Aug 07,"4,838,100","81,437,619","Aug 07: 4,838,100 projected total cases<br>Projection upper CI: 81,437,619 cases<br>"
2020-08-07,mod_5,9317083,102005338,Normal (pre-intervention),solid,Aug 07,"9,317,083","102,005,338","Aug 07: 9,317,083 projected total cases<br>Projection upper CI: 102,005,338 cases<br>"
2020-08-07,mod_6,2118619,34315214,Cautious return,solid,Aug 07,"2,118,619","34,315,214","Aug 07: 2,118,619 projected total cases<br>Projection upper CI: 34,315,214 cases<br>"
2020-08-08,mod_2,12940212,92720516,Soc. Dist. + Travel Ban,solid,Aug 08,"12,940,212","92,720,516","Aug 08: 12,940,212 projected total cases<br>Projection upper CI: 92,720,516 cases<br>"
2020-08-08,mod_4,4892166,81793420,Moderate return,solid,Aug 08,"4,892,166","81,793,420","Aug 08: 4,892,166 projected total cases<br>Projection upper CI: 81,793,420 cases<br>"
2020-08-08,mod_5,9374568,101920759,Normal (pre-intervention),solid,Aug 08,"9,374,568","101,920,759","Aug 08: 9,374,568 projected total cases<br>Projection upper CI: 101,920,759 cases<br>"
2020-08-08,mod_6,2153324,35402442,Cautious return,solid,Aug 08,"2,153,324","35,402,442","Aug 08: 2,153,324 projected total cases<br>Projection upper CI: 35,402,442 cases<br>"
2020-08-09,mod_2,13031143,92669444,Soc. Dist. + Travel Ban,solid,Aug 09,"13,031,143","92,669,444","Aug 09: 13,031,143 projected total cases<br>Projection upper CI: 92,669,444 cases<br>"
2020-08-09,mod_4,4945316,82152565,Moderate return,solid,Aug 09,"4,945,316","82,152,565","Aug 09: 4,945,316 projected total cases<br>Projection upper CI: 82,152,565 cases<br>"
2020-08-09,mod_5,9430589,101836002,Normal (pre-intervention),solid,Aug 09,"9,430,589","101,836,002","Aug 09: 9,430,589 projected total cases<br>Projection upper CI: 101,836,002 cases<br>"
2020-08-09,mod_6,2187866,36658523,Cautious return,solid,Aug 09,"2,187,866","36,658,523","Aug 09: 2,187,866 projected total cases<br>Projection upper CI: 36,658,523 cases<br>"
2020-08-10,mod_2,13120661,92735088,Soc. Dist. + Travel Ban,solid,Aug 10,"13,120,661","92,735,088","Aug 10: 13,120,661 projected total cases<br>Projection upper CI: 92,735,088 cases<br>"
2020-08-10,mod_4,4997696,82441896,Moderate return,solid,Aug 10,"4,997,696","82,441,896","Aug 10: 4,997,696 projected total cases<br>Projection upper CI: 82,441,896 cases<br>"
2020-08-10,mod_5,9485041,101737764,Normal (pre-intervention),solid,Aug 10,"9,485,041","101,737,764","Aug 10: 9,485,041 projected total cases<br>Projection upper CI: 101,737,764 cases<br>"
2020-08-10,mod_6,2222057,37674261,Cautious return,solid,Aug 10,"2,222,057","37,674,261","Aug 10: 2,222,057 projected total cases<br>Projection upper CI: 37,674,261 cases<br>"
2020-08-11,mod_2,13208380,92723704,Soc. Dist. + Travel Ban,solid,Aug 11,"13,208,380","92,723,704","Aug 11: 13,208,380 projected total cases<br>Projection upper CI: 92,723,704 cases<br>"
2020-08-11,mod_4,5049278,82708630,Moderate return,solid,Aug 11,"5,049,278","82,708,630","Aug 11: 5,049,278 projected total cases<br>Projection upper CI: 82,708,630 cases<br>"
2020-08-11,mod_5,9538338,101657165,Normal (pre-intervention),solid,Aug 11,"9,538,338","101,657,165","Aug 11: 9,538,338 projected total cases<br>Projection upper CI: 101,657,165 cases<br>"
2020-08-11,mod_6,2255918,39168583,Cautious return,solid,Aug 11,"2,255,918","39,168,583","Aug 11: 2,255,918 projected total cases<br>Projection upper CI: 39,168,583 cases<br>"
2020-08-12,mod_2,13294761,92713229,Soc. Dist. + Travel Ban,solid,Aug 12,"13,294,761","92,713,229","Aug 12: 13,294,761 projected total cases<br>Projection upper CI: 92,713,229 cases<br>"
2020-08-12,mod_4,5100037,82955210,Moderate return,solid,Aug 12,"5,100,037","82,955,210","Aug 12: 5,100,037 projected total cases<br>Projection upper CI: 82,955,210 cases<br>"
2020-08-12,mod_5,9590307,101634876,Normal (pre-intervention),solid,Aug 12,"9,590,307","101,634,876","Aug 12: 9,590,307 projected total cases<br>Projection upper CI: 101,634,876 cases<br>"
2020-08-12,mod_6,2289437,40081084,Cautious return,solid,Aug 12,"2,289,437","40,081,084","Aug 12: 2,289,437 projected total cases<br>Projection upper CI: 40,081,084 cases<br>"
2020-08-13,mod_2,13379669,92736867,Soc. Dist. + Travel Ban,solid,Aug 13,"13,379,669","92,736,867","Aug 13: 13,379,669 projected total cases<br>Projection upper CI: 92,736,867 cases<br>"
2020-08-13,mod_4,5150067,83195022,Moderate return,solid,Aug 13,"5,150,067","83,195,022","Aug 13: 5,150,067 projected total cases<br>Projection upper CI: 83,195,022 cases<br>"
2020-08-13,mod_5,9641066,101462728,Normal (pre-intervention),solid,Aug 13,"9,641,066","101,462,728","Aug 13: 9,641,066 projected total cases<br>Projection upper CI: 101,462,728 cases<br>"
2020-08-13,mod_6,2322648,41324374,Cautious return,solid,Aug 13,"2,322,648","41,324,374","Aug 13: 2,322,648 projected total cases<br>Projection upper CI: 41,324,374 cases<br>"
2020-08-14,mod_2,13463259,92786565,Soc. Dist. + Travel Ban,solid,Aug 14,"13,463,259","92,786,565","Aug 14: 13,463,259 projected total cases<br>Projection upper CI: 92,786,565 cases<br>"
2020-08-14,mod_4,5199079,83376190,Moderate return,solid,Aug 14,"5,199,079","83,376,190","Aug 14: 5,199,079 projected total cases<br>Projection upper CI: 83,376,190 cases<br>"
2020-08-14,mod_5,9690512,101423629,Normal (pre-intervention),solid,Aug 14,"9,690,512","101,423,629","Aug 14: 9,690,512 projected total cases<br>Projection upper CI: 101,423,629 cases<br>"
2020-08-14,mod_6,2355584,42295225,Cautious return,solid,Aug 14,"2,355,584","42,295,225","Aug 14: 2,355,584 projected total cases<br>Projection upper CI: 42,295,225 cases<br>"
2020-08-15,mod_2,13545519,92774737,Soc. Dist. + Travel Ban,solid,Aug 15,"13,545,519","92,774,737","Aug 15: 13,545,519 projected total cases<br>Projection upper CI: 92,774,737 cases<br>"
2020-08-15,mod_4,5247378,83566449,Moderate return,solid,Aug 15,"5,247,378","83,566,449","Aug 15: 5,247,378 projected total cases<br>Projection upper CI: 83,566,449 cases<br>"
2020-08-15,mod_5,9738827,101317058,Normal (pre-intervention),solid,Aug 15,"9,738,827","101,317,058","Aug 15: 9,738,827 projected total cases<br>Projection upper CI: 101,317,058 cases<br>"
2020-08-15,mod_6,2388241,43184478,Cautious return,solid,Aug 15,"2,388,241","43,184,478","Aug 15: 2,388,241 projected total cases<br>Projection upper CI: 43,184,478 cases<br>"
2020-08-16,mod_2,13626485,92762422,Soc. Dist. + Travel Ban,solid,Aug 16,"13,626,485","92,762,422","Aug 16: 13,626,485 projected total cases<br>Projection upper CI: 92,762,422 cases<br>"
2020-08-16,mod_4,5294838,83682013,Moderate return,solid,Aug 16,"5,294,838","83,682,013","Aug 16: 5,294,838 projected total cases<br>Projection upper CI: 83,682,013 cases<br>"
2020-08-16,mod_5,9786053,101233458,Normal (pre-intervention),solid,Aug 16,"9,786,053","101,233,458","Aug 16: 9,786,053 projected total cases<br>Projection upper CI: 101,233,458 cases<br>"
2020-08-16,mod_6,2420535,44294103,Cautious return,solid,Aug 16,"2,420,535","44,294,103","Aug 16: 2,420,535 projected total cases<br>Projection upper CI: 44,294,103 cases<br>"
2020-08-17,mod_2,13705951,92764172,Soc. Dist. + Travel Ban,solid,Aug 17,"13,705,951","92,764,172","Aug 17: 13,705,951 projected total cases<br>Projection upper CI: 92,764,172 cases<br>"
2020-08-17,mod_4,5341535,83902223,Moderate return,solid,Aug 17,"5,341,535","83,902,223","Aug 17: 5,341,535 projected total cases<br>Projection upper CI: 83,902,223 cases<br>"
2020-08-17,mod_5,9832029,101194160,Normal (pre-intervention),solid,Aug 17,"9,832,029","101,194,160","Aug 17: 9,832,029 projected total cases<br>Projection upper CI: 101,194,160 cases<br>"
2020-08-17,mod_6,2452509,45107489,Cautious return,solid,Aug 17,"2,452,509","45,107,489","Aug 17: 2,452,509 projected total cases<br>Projection upper CI: 45,107,489 cases<br>"
2020-08-18,mod_2,13783970,92782209,Soc. Dist. + Travel Ban,solid,Aug 18,"13,783,970","92,782,209","Aug 18: 13,783,970 projected total cases<br>Projection upper CI: 92,782,209 cases<br>"
2020-08-18,mod_4,5387380,84075351,Moderate return,solid,Aug 18,"5,387,380","84,075,351","Aug 18: 5,387,380 projected total cases<br>Projection upper CI: 84,075,351 cases<br>"
2020-08-18,mod_5,9877059,101123423,Normal (pre-intervention),solid,Aug 18,"9,877,059","101,123,423","Aug 18: 9,877,059 projected total cases<br>Projection upper CI: 101,123,423 cases<br>"
2020-08-18,mod_6,2484250,46072440,Cautious return,solid,Aug 18,"2,484,250","46,072,440","Aug 18: 2,484,250 projected total cases<br>Projection upper CI: 46,072,440 cases<br>"
2020-08-19,mod_2,13861040,92785829,Soc. Dist. + Travel Ban,solid,Aug 19,"13,861,040","92,785,829","Aug 19: 13,861,040 projected total cases<br>Projection upper CI: 92,785,829 cases<br>"
2020-08-19,mod_4,5432436,84216365,Moderate return,solid,Aug 19,"5,432,436","84,216,365","Aug 19: 5,432,436 projected total cases<br>Projection upper CI: 84,216,365 cases<br>"
2020-08-19,mod_5,9920932,100999131,Normal (pre-intervention),solid,Aug 19,"9,920,932","100,999,131","Aug 19: 9,920,932 projected total cases<br>Projection upper CI: 100,999,131 cases<br>"
2020-08-19,mod_6,2515638,46947419,Cautious return,solid,Aug 19,"2,515,638","46,947,419","Aug 19: 2,515,638 projected total cases<br>Projection upper CI: 46,947,419 cases<br>"
2020-08-20,mod_2,13936699,92787602,Soc. Dist. + Travel Ban,solid,Aug 20,"13,936,699","92,787,602","Aug 20: 13,936,699 projected total cases<br>Projection upper CI: 92,787,602 cases<br>"
2020-08-20,mod_4,5476821,84368875,Moderate return,solid,Aug 20,"5,476,821","84,368,875","Aug 20: 5,476,821 projected total cases<br>Projection upper CI: 84,368,875 cases<br>"
2020-08-20,mod_5,9963783,100924990,Normal (pre-intervention),solid,Aug 20,"9,963,783","100,924,990","Aug 20: 9,963,783 projected total cases<br>Projection upper CI: 100,924,990 cases<br>"
2020-08-20,mod_6,2546690,47910703,Cautious return,solid,Aug 20,"2,546,690","47,910,703","Aug 20: 2,546,690 projected total cases<br>Projection upper CI: 47,910,703 cases<br>"
2020-08-21,mod_2,14011024,92772755,Soc. Dist. + Travel Ban,solid,Aug 21,"14,011,024","92,772,755","Aug 21: 14,011,024 projected total cases<br>Projection upper CI: 92,772,755 cases<br>"
2020-08-21,mod_4,5520473,84525746,Moderate return,solid,Aug 21,"5,520,473","84,525,746","Aug 21: 5,520,473 projected total cases<br>Projection upper CI: 84,525,746 cases<br>"
2020-08-21,mod_5,10005703,100823110,Normal (pre-intervention),solid,Aug 21,"10,005,703","100,823,110","Aug 21: 10,005,703 projected total cases<br>Projection upper CI: 100,823,110 cases<br>"
2020-08-21,mod_6,2577435,48729418,Cautious return,solid,Aug 21,"2,577,435","48,729,418","Aug 21: 2,577,435 projected total cases<br>Projection upper CI: 48,729,418 cases<br>"
2020-08-22,mod_2,14084237,92768803,Soc. Dist. + Travel Ban,solid,Aug 22,"14,084,237","92,768,803","Aug 22: 14,084,237 projected total cases<br>Projection upper CI: 92,768,803 cases<br>"
2020-08-22,mod_4,5563299,84642404,Moderate return,solid,Aug 22,"5,563,299","84,642,404","Aug 22: 5,563,299 projected total cases<br>Projection upper CI: 84,642,404 cases<br>"
2020-08-22,mod_5,10046568,100728789,Normal (pre-intervention),solid,Aug 22,"10,046,568","100,728,789","Aug 22: 10,046,568 projected total cases<br>Projection upper CI: 100,728,789 cases<br>"
2020-08-22,mod_6,2607819,49575709,Cautious return,solid,Aug 22,"2,607,819","49,575,709","Aug 22: 2,607,819 projected total cases<br>Projection upper CI: 49,575,709 cases<br>"
2020-08-23,mod_2,14156154,92738665,Soc. Dist. + Travel Ban,solid,Aug 23,"14,156,154","92,738,665","Aug 23: 14,156,154 projected total cases<br>Projection upper CI: 92,738,665 cases<br>"
2020-08-23,mod_4,5605467,84749037,Moderate return,solid,Aug 23,"5,605,467","84,749,037","Aug 23: 5,605,467 projected total cases<br>Projection upper CI: 84,749,037 cases<br>"
2020-08-23,mod_5,10086478,100610770,Normal (pre-intervention),solid,Aug 23,"10,086,478","100,610,770","Aug 23: 10,086,478 projected total cases<br>Projection upper CI: 100,610,770 cases<br>"
2020-08-23,mod_6,2637908,50390699,Cautious return,solid,Aug 23,"2,637,908","50,390,699","Aug 23: 2,637,908 projected total cases<br>Projection upper CI: 50,390,699 cases<br>"
2020-08-24,mod_2,14226758,92730570,Soc. Dist. + Travel Ban,solid,Aug 24,"14,226,758","92,730,570","Aug 24: 14,226,758 projected total cases<br>Projection upper CI: 92,730,570 cases<br>"
2020-08-24,mod_4,5646842,84767915,Moderate return,solid,Aug 24,"5,646,842","84,767,915","Aug 24: 5,646,842 projected total cases<br>Projection upper CI: 84,767,915 cases<br>"
2020-08-24,mod_5,10125348,100503662,Normal (pre-intervention),solid,Aug 24,"10,125,348","100,503,662","Aug 24: 10,125,348 projected total cases<br>Projection upper CI: 100,503,662 cases<br>"
2020-08-24,mod_6,2667748,51081848,Cautious return,solid,Aug 24,"2,667,748","51,081,848","Aug 24: 2,667,748 projected total cases<br>Projection upper CI: 51,081,848 cases<br>"
2020-08-25,mod_2,14296306,92679063,Soc. Dist. + Travel Ban,solid,Aug 25,"14,296,306","92,679,063","Aug 25: 14,296,306 projected total cases<br>Projection upper CI: 92,679,063 cases<br>"
2020-08-25,mod_4,5687624,84883705,Moderate return,solid,Aug 25,"5,687,624","84,883,705","Aug 25: 5,687,624 projected total cases<br>Projection upper CI: 84,883,705 cases<br>"
2020-08-25,mod_5,10163403,100435892,Normal (pre-intervention),solid,Aug 25,"10,163,403","100,435,892","Aug 25: 10,163,403 projected total cases<br>Projection upper CI: 100,435,892 cases<br>"
2020-08-25,mod_6,2697339,51996111,Cautious return,solid,Aug 25,"2,697,339","51,996,111","Aug 25: 2,697,339 projected total cases<br>Projection upper CI: 51,996,111 cases<br>"
2020-08-26,mod_2,14364464,92659098,Soc. Dist. + Travel Ban,solid,Aug 26,"14,364,464","92,659,098","Aug 26: 14,364,464 projected total cases<br>Projection upper CI: 92,659,098 cases<br>"
2020-08-26,mod_4,5727672,85017735,Moderate return,solid,Aug 26,"5,727,672","85,017,735","Aug 26: 5,727,672 projected total cases<br>Projection upper CI: 85,017,735 cases<br>"
2020-08-26,mod_5,10200679,100272946,Normal (pre-intervention),solid,Aug 26,"10,200,679","100,272,946","Aug 26: 10,200,679 projected total cases<br>Projection upper CI: 100,272,946 cases<br>"
2020-08-26,mod_6,2726532,52739329,Cautious return,solid,Aug 26,"2,726,532","52,739,329","Aug 26: 2,726,532 projected total cases<br>Projection upper CI: 52,739,329 cases<br>"
2020-08-27,mod_2,14431581,92631975,Soc. Dist. + Travel Ban,solid,Aug 27,"14,431,581","92,631,975","Aug 27: 14,431,581 projected total cases<br>Projection upper CI: 92,631,975 cases<br>"
2020-08-27,mod_4,5767071,85072658,Moderate return,solid,Aug 27,"5,767,071","85,072,658","Aug 27: 5,767,071 projected total cases<br>Projection upper CI: 85,072,658 cases<br>"
2020-08-27,mod_5,10237004,100127930,Normal (pre-intervention),solid,Aug 27,"10,237,004","100,127,930","Aug 27: 10,237,004 projected total cases<br>Projection upper CI: 100,127,930 cases<br>"
2020-08-27,mod_6,2755291,53340070,Cautious return,solid,Aug 27,"2,755,291","53,340,070","Aug 27: 2,755,291 projected total cases<br>Projection upper CI: 53,340,070 cases<br>"
2020-08-28,mod_2,14497699,92645929,Soc. Dist. + Travel Ban,solid,Aug 28,"14,497,699","92,645,929","Aug 28: 14,497,699 projected total cases<br>Projection upper CI: 92,645,929 cases<br>"
2020-08-28,mod_4,5805686,85149916,Moderate return,solid,Aug 28,"5,805,686","85,149,916","Aug 28: 5,805,686 projected total cases<br>Projection upper CI: 85,149,916 cases<br>"
2020-08-28,mod_5,10272351,100067873,Normal (pre-intervention),solid,Aug 28,"10,272,351","100,067,873","Aug 28: 10,272,351 projected total cases<br>Projection upper CI: 100,067,873 cases<br>"
2020-08-28,mod_6,2783845,54074314,Cautious return,solid,Aug 28,"2,783,845","54,074,314","Aug 28: 2,783,845 projected total cases<br>Projection upper CI: 54,074,314 cases<br>"
2020-08-29,mod_2,14562733,92645264,Soc. Dist. + Travel Ban,solid,Aug 29,"14,562,733","92,645,264","Aug 29: 14,562,733 projected total cases<br>Projection upper CI: 92,645,264 cases<br>"
2020-08-29,mod_4,5843718,85269651,Moderate return,solid,Aug 29,"5,843,718","85,269,651","Aug 29: 5,843,718 projected total cases<br>Projection upper CI: 85,269,651 cases<br>"
2020-08-29,mod_5,10306989,99906663,Normal (pre-intervention),solid,Aug 29,"10,306,989","99,906,663","Aug 29: 10,306,989 projected total cases<br>Projection upper CI: 99,906,663 cases<br>"
2020-08-29,mod_6,2812003,54741478,Cautious return,solid,Aug 29,"2,812,003","54,741,478","Aug 29: 2,812,003 projected total cases<br>Projection upper CI: 54,741,478 cases<br>"
2020-08-30,mod_2,14626590,92619863,Soc. Dist. + Travel Ban,solid,Aug 30,"14,626,590","92,619,863","Aug 30: 14,626,590 projected total cases<br>Projection upper CI: 92,619,863 cases<br>"
2020-08-30,mod_4,5881200,85318536,Moderate return,solid,Aug 30,"5,881,200","85,318,536","Aug 30: 5,881,200 projected total cases<br>Projection upper CI: 85,318,536 cases<br>"
2020-08-30,mod_5,10340895,99850666,Normal (pre-intervention),solid,Aug 30,"10,340,895","99,850,666","Aug 30: 10,340,895 projected total cases<br>Projection upper CI: 99,850,666 cases<br>"
2020-08-30,mod_6,2839907,55437785,Cautious return,solid,Aug 30,"2,839,907","55,437,785","Aug 30: 2,839,907 projected total cases<br>Projection upper CI: 55,437,785 cases<br>"
2020-08-31,mod_2,14689498,92601729,Soc. Dist. + Travel Ban,solid,Aug 31,"14,689,498","92,601,729","Aug 31: 14,689,498 projected total cases<br>Projection upper CI: 92,601,729 cases<br>"
2020-08-31,mod_4,5918010,85339654,Moderate return,solid,Aug 31,"5,918,010","85,339,654","Aug 31: 5,918,010 projected total cases<br>Projection upper CI: 85,339,654 cases<br>"
2020-08-31,mod_5,10374044,99701456,Normal (pre-intervention),solid,Aug 31,"10,374,044","99,701,456","Aug 31: 10,374,044 projected total cases<br>Projection upper CI: 99,701,456 cases<br>"
2020-08-31,mod_6,2867565,55792244,Cautious return,solid,Aug 31,"2,867,565","55,792,244","Aug 31: 2,867,565 projected total cases<br>Projection upper CI: 55,792,244 cases<br>"
