Dates,variable,value,upper_ci,color,type,date.fmt,val.fmt,text
2020-04-30,mod_2,6528,32647,Soc. Dist. + Travel Ban,solid,Apr 30,"6,528","Apr 30: 6,528 projected cases per day"
2020-04-30,mod_4,172,1384,Moderate return,solid,Apr 30,172,Apr 30: 172 projected cases per day
2020-04-30,mod_5,215,1814,Normal (pre-intervention),solid,Apr 30,215,Apr 30: 215 projected cases per day
2020-04-30,mod_6,142,1338,Cautious return,solid,Apr 30,142,Apr 30: 142 projected cases per day
2020-05-01,mod_2,7655,36644,Soc. Dist. + Travel Ban,solid,May 01,"7,655","May 01: 7,655 projected cases per day"
2020-05-01,mod_4,180,1708,Moderate return,solid,May 01,180,May 01: 180 projected cases per day
2020-05-01,mod_5,249,2639,Normal (pre-intervention),solid,May 01,249,May 01: 249 projected cases per day
2020-05-01,mod_6,149,1693,Cautious return,solid,May 01,149,May 01: 149 projected cases per day
2020-05-02,mod_2,8929,43923,Soc. Dist. + Travel Ban,solid,May 02,"8,929","May 02: 8,929 projected cases per day"
2020-05-02,mod_4,209,1686,Moderate return,solid,May 02,209,May 02: 209 projected cases per day
2020-05-02,mod_5,290,2433,Normal (pre-intervention),solid,May 02,290,May 02: 290 projected cases per day
2020-05-02,mod_6,164,1490,Cautious return,solid,May 02,164,May 02: 164 projected cases per day
2020-05-03,mod_2,10307,50155,Soc. Dist. + Travel Ban,solid,May 03,"10,307","May 03: 10,307 projected cases per day"
2020-05-03,mod_4,228,2128,Moderate return,solid,May 03,228,May 03: 228 projected cases per day
2020-05-03,mod_5,341,3703,Normal (pre-intervention),solid,May 03,341,May 03: 341 projected cases per day
2020-05-03,mod_6,168,1542,Cautious return,solid,May 03,168,May 03: 168 projected cases per day
2020-05-04,mod_2,11790,57327,Soc. Dist. + Travel Ban,solid,May 04,"11,790","May 04: 11,790 projected cases per day"
2020-05-04,mod_4,260,2241,Moderate return,solid,May 04,260,May 04: 260 projected cases per day
2020-05-04,mod_5,407,2999,Normal (pre-intervention),solid,May 04,407,May 04: 407 projected cases per day
2020-05-04,mod_6,179,2147,Cautious return,solid,May 04,179,May 04: 179 projected cases per day
2020-05-05,mod_2,13376,69199,Soc. Dist. + Travel Ban,solid,May 05,"13,376","May 05: 13,376 projected cases per day"
2020-05-05,mod_4,289,3062,Moderate return,solid,May 05,289,May 05: 289 projected cases per day
2020-05-05,mod_5,507,3652,Normal (pre-intervention),solid,May 05,507,May 05: 507 projected cases per day
2020-05-05,mod_6,193,1364,Cautious return,solid,May 05,193,May 05: 193 projected cases per day
2020-05-06,mod_2,15051,80199,Soc. Dist. + Travel Ban,solid,May 06,"15,051","May 06: 15,051 projected cases per day"
2020-05-06,mod_4,338,2086,Moderate return,solid,May 06,338,May 06: 338 projected cases per day
2020-05-06,mod_5,625,4855,Normal (pre-intervention),solid,May 06,625,May 06: 625 projected cases per day
2020-05-06,mod_6,216,1942,Cautious return,solid,May 06,216,May 06: 216 projected cases per day
2020-05-07,mod_2,16807,86968,Soc. Dist. + Travel Ban,solid,May 07,"16,807","May 07: 16,807 projected cases per day"
2020-05-07,mod_4,396,3212,Moderate return,solid,May 07,396,May 07: 396 projected cases per day
2020-05-07,mod_5,789,5805,Normal (pre-intervention),solid,May 07,789,May 07: 789 projected cases per day
2020-05-07,mod_6,225,1802,Cautious return,solid,May 07,225,May 07: 225 projected cases per day
2020-05-08,mod_2,18641,110162,Soc. Dist. + Travel Ban,solid,May 08,"18,641","May 08: 18,641 projected cases per day"
2020-05-08,mod_4,461,3158,Moderate return,solid,May 08,461,May 08: 461 projected cases per day
2020-05-08,mod_5,1008,5941,Normal (pre-intervention),solid,May 08,"1,008","May 08: 1,008 projected cases per day"
2020-05-08,mod_6,265,2303,Cautious return,solid,May 08,265,May 08: 265 projected cases per day
2020-05-09,mod_2,20522,122949,Soc. Dist. + Travel Ban,solid,May 09,"20,522","May 09: 20,522 projected cases per day"
2020-05-09,mod_4,544,4024,Moderate return,solid,May 09,544,May 09: 544 projected cases per day
2020-05-09,mod_5,1308,8416,Normal (pre-intervention),solid,May 09,"1,308","May 09: 1,308 projected cases per day"
2020-05-09,mod_6,299,2723,Cautious return,solid,May 09,299,May 09: 299 projected cases per day
2020-05-10,mod_2,22475,147279,Soc. Dist. + Travel Ban,solid,May 10,"22,475","May 10: 22,475 projected cases per day"
2020-05-10,mod_4,665,4260,Moderate return,solid,May 10,665,May 10: 665 projected cases per day
2020-05-10,mod_5,1741,9341,Normal (pre-intervention),solid,May 10,"1,741","May 10: 1,741 projected cases per day"
2020-05-10,mod_6,332,1860,Cautious return,solid,May 10,332,May 10: 332 projected cases per day
2020-05-11,mod_2,24394,165075,Soc. Dist. + Travel Ban,solid,May 11,"24,394","May 11: 24,394 projected cases per day"
2020-05-11,mod_4,802,4830,Moderate return,solid,May 11,802,May 11: 802 projected cases per day
2020-05-11,mod_5,2339,11295,Normal (pre-intervention),solid,May 11,"2,339","May 11: 2,339 projected cases per day"
2020-05-11,mod_6,382,2930,Cautious return,solid,May 11,382,May 11: 382 projected cases per day
2020-05-12,mod_2,26365,190577,Soc. Dist. + Travel Ban,solid,May 12,"26,365","May 12: 26,365 projected cases per day"
2020-05-12,mod_4,961,4621,Moderate return,solid,May 12,961,May 12: 961 projected cases per day
2020-05-12,mod_5,3174,14850,Normal (pre-intervention),solid,May 12,"3,174","May 12: 3,174 projected cases per day"
2020-05-12,mod_6,438,2928,Cautious return,solid,May 12,438,May 12: 438 projected cases per day
2020-05-13,mod_2,28408,225982,Soc. Dist. + Travel Ban,solid,May 13,"28,408","May 13: 28,408 projected cases per day"
2020-05-13,mod_4,1189,6122,Moderate return,solid,May 13,"1,189","May 13: 1,189 projected cases per day"
2020-05-13,mod_5,4340,17415,Normal (pre-intervention),solid,May 13,"4,340","May 13: 4,340 projected cases per day"
2020-05-13,mod_6,500,2784,Cautious return,solid,May 13,500,May 13: 500 projected cases per day
2020-05-14,mod_2,30374,250778,Soc. Dist. + Travel Ban,solid,May 14,"30,374","May 14: 30,374 projected cases per day"
2020-05-14,mod_4,1478,5904,Moderate return,solid,May 14,"1,478","May 14: 1,478 projected cases per day"
2020-05-14,mod_5,5941,22272,Normal (pre-intervention),solid,May 14,"5,941","May 14: 5,941 projected cases per day"
2020-05-14,mod_6,582,3562,Cautious return,solid,May 14,582,May 14: 582 projected cases per day
2020-05-15,mod_2,32319,309603,Soc. Dist. + Travel Ban,solid,May 15,"32,319","May 15: 32,319 projected cases per day"
2020-05-15,mod_4,1794,8170,Moderate return,solid,May 15,"1,794","May 15: 1,794 projected cases per day"
2020-05-15,mod_5,7815,28136,Normal (pre-intervention),solid,May 15,"7,815","May 15: 7,815 projected cases per day"
2020-05-15,mod_6,665,3845,Cautious return,solid,May 15,665,May 15: 665 projected cases per day
2020-05-16,mod_2,34356,322288,Soc. Dist. + Travel Ban,solid,May 16,"34,356","May 16: 34,356 projected cases per day"
2020-05-16,mod_4,2172,7806,Moderate return,solid,May 16,"2,172","May 16: 2,172 projected cases per day"
2020-05-16,mod_5,10100,35240,Normal (pre-intervention),solid,May 16,"10,100","May 16: 10,100 projected cases per day"
2020-05-16,mod_6,760,3757,Cautious return,solid,May 16,760,May 16: 760 projected cases per day
2020-05-17,mod_2,36300,369936,Soc. Dist. + Travel Ban,solid,May 17,"36,300","May 17: 36,300 projected cases per day"
2020-05-17,mod_4,2608,10232,Moderate return,solid,May 17,"2,608","May 17: 2,608 projected cases per day"
2020-05-17,mod_5,12732,40449,Normal (pre-intervention),solid,May 17,"12,732","May 17: 12,732 projected cases per day"
2020-05-17,mod_6,871,3683,Cautious return,solid,May 17,871,May 17: 871 projected cases per day
2020-05-18,mod_2,38187,440388,Soc. Dist. + Travel Ban,solid,May 18,"38,187","May 18: 38,187 projected cases per day"
2020-05-18,mod_4,3129,10602,Moderate return,solid,May 18,"3,129","May 18: 3,129 projected cases per day"
2020-05-18,mod_5,15730,50473,Normal (pre-intervention),solid,May 18,"15,730","May 18: 15,730 projected cases per day"
2020-05-18,mod_6,998,5216,Cautious return,solid,May 18,998,May 18: 998 projected cases per day
2020-05-19,mod_2,40065,477510,Soc. Dist. + Travel Ban,solid,May 19,"40,065","May 19: 40,065 projected cases per day"
2020-05-19,mod_4,3719,13221,Moderate return,solid,May 19,"3,719","May 19: 3,719 projected cases per day"
2020-05-19,mod_5,18979,65435,Normal (pre-intervention),solid,May 19,"18,979","May 19: 18,979 projected cases per day"
2020-05-19,mod_6,1116,4152,Cautious return,solid,May 19,"1,116","May 19: 1,116 projected cases per day"
2020-05-20,mod_2,41836,534455,Soc. Dist. + Travel Ban,solid,May 20,"41,836","May 20: 41,836 projected cases per day"
2020-05-20,mod_4,4348,13330,Moderate return,solid,May 20,"4,348","May 20: 4,348 projected cases per day"
2020-05-20,mod_5,22377,83429,Normal (pre-intervention),solid,May 20,"22,377","May 20: 22,377 projected cases per day"
2020-05-20,mod_6,1268,4944,Cautious return,solid,May 20,"1,268","May 20: 1,268 projected cases per day"
2020-05-21,mod_2,43549,578833,Soc. Dist. + Travel Ban,solid,May 21,"43,549","May 21: 43,549 projected cases per day"
2020-05-21,mod_4,5083,15864,Moderate return,solid,May 21,"5,083","May 21: 5,083 projected cases per day"
2020-05-21,mod_5,25979,98068,Normal (pre-intervention),solid,May 21,"25,979","May 21: 25,979 projected cases per day"
2020-05-21,mod_6,1441,4132,Cautious return,solid,May 21,"1,441","May 21: 1,441 projected cases per day"
2020-05-22,mod_2,45195,620819,Soc. Dist. + Travel Ban,solid,May 22,"45,195","May 22: 45,195 projected cases per day"
2020-05-22,mod_4,5864,16468,Moderate return,solid,May 22,"5,864","May 22: 5,864 projected cases per day"
2020-05-22,mod_5,29636,125987,Normal (pre-intervention),solid,May 22,"29,636","May 22: 29,636 projected cases per day"
2020-05-22,mod_6,1625,6377,Cautious return,solid,May 22,"1,625","May 22: 1,625 projected cases per day"
2020-05-23,mod_2,46823,674833,Soc. Dist. + Travel Ban,solid,May 23,"46,823","May 23: 46,823 projected cases per day"
2020-05-23,mod_4,6703,19031,Moderate return,solid,May 23,"6,703","May 23: 6,703 projected cases per day"
2020-05-23,mod_5,33395,151040,Normal (pre-intervention),solid,May 23,"33,395","May 23: 33,395 projected cases per day"
2020-05-23,mod_6,1829,5933,Cautious return,solid,May 23,"1,829","May 23: 1,829 projected cases per day"
2020-05-24,mod_2,48357,734479,Soc. Dist. + Travel Ban,solid,May 24,"48,357","May 24: 48,357 projected cases per day"
2020-05-24,mod_4,7566,23708,Moderate return,solid,May 24,"7,566","May 24: 7,566 projected cases per day"
2020-05-24,mod_5,37134,183163,Normal (pre-intervention),solid,May 24,"37,134","May 24: 37,134 projected cases per day"
2020-05-24,mod_6,2047,6183,Cautious return,solid,May 24,"2,047","May 24: 2,047 projected cases per day"
2020-05-25,mod_2,49864,795960,Soc. Dist. + Travel Ban,solid,May 25,"49,864","May 25: 49,864 projected cases per day"
2020-05-25,mod_4,8495,24565,Moderate return,solid,May 25,"8,495","May 25: 8,495 projected cases per day"
2020-05-25,mod_5,40920,234543,Normal (pre-intervention),solid,May 25,"40,920","May 25: 40,920 projected cases per day"
2020-05-25,mod_6,2274,6260,Cautious return,solid,May 25,"2,274","May 25: 2,274 projected cases per day"
2020-05-26,mod_2,51225,889381,Soc. Dist. + Travel Ban,solid,May 26,"51,225","May 26: 51,225 projected cases per day"
2020-05-26,mod_4,9486,30535,Moderate return,solid,May 26,"9,486","May 26: 9,486 projected cases per day"
2020-05-26,mod_5,44560,290005,Normal (pre-intervention),solid,May 26,"44,560","May 26: 44,560 projected cases per day"
2020-05-26,mod_6,2539,7621,Cautious return,solid,May 26,"2,539","May 26: 2,539 projected cases per day"
2020-05-27,mod_2,52603,867078,Soc. Dist. + Travel Ban,solid,May 27,"52,603","May 27: 52,603 projected cases per day"
2020-05-27,mod_4,10476,30761,Moderate return,solid,May 27,"10,476","May 27: 10,476 projected cases per day"
2020-05-27,mod_5,48085,346630,Normal (pre-intervention),solid,May 27,"48,085","May 27: 48,085 projected cases per day"
2020-05-27,mod_6,2804,7444,Cautious return,solid,May 27,"2,804","May 27: 2,804 projected cases per day"
2020-05-28,mod_2,53879,962829,Soc. Dist. + Travel Ban,solid,May 28,"53,879","May 28: 53,879 projected cases per day"
2020-05-28,mod_4,11515,37692,Moderate return,solid,May 28,"11,515","May 28: 11,515 projected cases per day"
2020-05-28,mod_5,51363,426759,Normal (pre-intervention),solid,May 28,"51,363","May 28: 51,363 projected cases per day"
2020-05-28,mod_6,3086,7120,Cautious return,solid,May 28,"3,086","May 28: 3,086 projected cases per day"
2020-05-29,mod_2,55005,1096076,Soc. Dist. + Travel Ban,solid,May 29,"55,005","May 29: 55,005 projected cases per day"
2020-05-29,mod_4,12604,40369,Moderate return,solid,May 29,"12,604","May 29: 12,604 projected cases per day"
2020-05-29,mod_5,54577,519998,Normal (pre-intervention),solid,May 29,"54,577","May 29: 54,577 projected cases per day"
2020-05-29,mod_6,3386,9408,Cautious return,solid,May 29,"3,386","May 29: 3,386 projected cases per day"
2020-05-30,mod_2,56164,1020429,Soc. Dist. + Travel Ban,solid,May 30,"56,164","May 30: 56,164 projected cases per day"
2020-05-30,mod_4,13718,49220,Moderate return,solid,May 30,"13,718","May 30: 13,718 projected cases per day"
2020-05-30,mod_5,57526,634045,Normal (pre-intervention),solid,May 30,"57,526","May 30: 57,526 projected cases per day"
2020-05-30,mod_6,3692,10074,Cautious return,solid,May 30,"3,692","May 30: 3,692 projected cases per day"
2020-05-31,mod_2,57230,1177702,Soc. Dist. + Travel Ban,solid,May 31,"57,230","May 31: 57,230 projected cases per day"
2020-05-31,mod_4,14827,52788,Moderate return,solid,May 31,"14,827","May 31: 14,827 projected cases per day"
2020-05-31,mod_5,60227,714859,Normal (pre-intervention),solid,May 31,"60,227","May 31: 60,227 projected cases per day"
2020-05-31,mod_6,4037,8467,Cautious return,solid,May 31,"4,037","May 31: 4,037 projected cases per day"
2020-06-01,mod_2,58126,1104093,Soc. Dist. + Travel Ban,solid,Jun 01,"58,126","Jun 01: 58,126 projected cases per day"
2020-06-01,mod_4,15994,61899,Moderate return,solid,Jun 01,"15,994","Jun 01: 15,994 projected cases per day"
2020-06-01,mod_5,62793,841542,Normal (pre-intervention),solid,Jun 01,"62,793","Jun 01: 62,793 projected cases per day"
2020-06-01,mod_6,4369,10628,Cautious return,solid,Jun 01,"4,369","Jun 01: 4,369 projected cases per day"
2020-06-02,mod_2,59153,1192522,Soc. Dist. + Travel Ban,solid,Jun 02,"59,153","Jun 02: 59,153 projected cases per day"
2020-06-02,mod_4,17159,67734,Moderate return,solid,Jun 02,"17,159","Jun 02: 17,159 projected cases per day"
2020-06-02,mod_5,65110,1007883,Normal (pre-intervention),solid,Jun 02,"65,110","Jun 02: 65,110 projected cases per day"
2020-06-02,mod_6,4715,10788,Cautious return,solid,Jun 02,"4,715","Jun 02: 4,715 projected cases per day"
2020-06-03,mod_2,59958,1242102,Soc. Dist. + Travel Ban,solid,Jun 03,"59,958","Jun 03: 59,958 projected cases per day"
2020-06-03,mod_4,18316,73484,Moderate return,solid,Jun 03,"18,316","Jun 03: 18,316 projected cases per day"
2020-06-03,mod_5,67208,1080248,Normal (pre-intervention),solid,Jun 03,"67,208","Jun 03: 67,208 projected cases per day"
2020-06-03,mod_6,5069,10816,Cautious return,solid,Jun 03,"5,069","Jun 03: 5,069 projected cases per day"
2020-06-04,mod_2,60783,1230281,Soc. Dist. + Travel Ban,solid,Jun 04,"60,783","Jun 04: 60,783 projected cases per day"
2020-06-04,mod_4,19510,89829,Moderate return,solid,Jun 04,"19,510","Jun 04: 19,510 projected cases per day"
2020-06-04,mod_5,69019,1269894,Normal (pre-intervention),solid,Jun 04,"69,019","Jun 04: 69,019 projected cases per day"
2020-06-04,mod_6,5445,16840,Cautious return,solid,Jun 04,"5,445","Jun 04: 5,445 projected cases per day"
2020-06-05,mod_2,61444,1248222,Soc. Dist. + Travel Ban,solid,Jun 05,"61,444","Jun 05: 61,444 projected cases per day"
2020-06-05,mod_4,20656,92862,Moderate return,solid,Jun 05,"20,656","Jun 05: 20,656 projected cases per day"
2020-06-05,mod_5,70617,1327511,Normal (pre-intervention),solid,Jun 05,"70,617","Jun 05: 70,617 projected cases per day"
2020-06-05,mod_6,5816,11801,Cautious return,solid,Jun 05,"5,816","Jun 05: 5,816 projected cases per day"
2020-06-06,mod_2,62049,1277544,Soc. Dist. + Travel Ban,solid,Jun 06,"62,049","Jun 06: 62,049 projected cases per day"
2020-06-06,mod_4,21774,109037,Moderate return,solid,Jun 06,"21,774","Jun 06: 21,774 projected cases per day"
2020-06-06,mod_5,72013,1402949,Normal (pre-intervention),solid,Jun 06,"72,013","Jun 06: 72,013 projected cases per day"
2020-06-06,mod_6,6198,15734,Cautious return,solid,Jun 06,"6,198","Jun 06: 6,198 projected cases per day"
2020-06-07,mod_2,62692,1213346,Soc. Dist. + Travel Ban,solid,Jun 07,"62,692","Jun 07: 62,692 projected cases per day"
2020-06-07,mod_4,22932,134147,Moderate return,solid,Jun 07,"22,932","Jun 07: 22,932 projected cases per day"
2020-06-07,mod_5,73149,1501205,Normal (pre-intervention),solid,Jun 07,"73,149","Jun 07: 73,149 projected cases per day"
2020-06-07,mod_6,6603,17290,Cautious return,solid,Jun 07,"6,603","Jun 07: 6,603 projected cases per day"
2020-06-08,mod_2,63090,1174269,Soc. Dist. + Travel Ban,solid,Jun 08,"63,090","Jun 08: 63,090 projected cases per day"
2020-06-08,mod_4,23970,129283,Moderate return,solid,Jun 08,"23,970","Jun 08: 23,970 projected cases per day"
2020-06-08,mod_5,74060,1480371,Normal (pre-intervention),solid,Jun 08,"74,060","Jun 08: 74,060 projected cases per day"
2020-06-08,mod_6,6955,14185,Cautious return,solid,Jun 08,"6,955","Jun 08: 6,955 projected cases per day"
2020-06-09,mod_2,63553,1215843,Soc. Dist. + Travel Ban,solid,Jun 09,"63,553","Jun 09: 63,553 projected cases per day"
2020-06-09,mod_4,24998,153351,Moderate return,solid,Jun 09,"24,998","Jun 09: 24,998 projected cases per day"
2020-06-09,mod_5,74820,1696600,Normal (pre-intervention),solid,Jun 09,"74,820","Jun 09: 74,820 projected cases per day"
2020-06-09,mod_6,7340,19862,Cautious return,solid,Jun 09,"7,340","Jun 09: 7,340 projected cases per day"
2020-06-10,mod_2,63845,1100756,Soc. Dist. + Travel Ban,solid,Jun 10,"63,845","Jun 10: 63,845 projected cases per day"
2020-06-10,mod_4,25991,188338,Moderate return,solid,Jun 10,"25,991","Jun 10: 25,991 projected cases per day"
2020-06-10,mod_5,75374,1780926,Normal (pre-intervention),solid,Jun 10,"75,374","Jun 10: 75,374 projected cases per day"
2020-06-10,mod_6,7710,20782,Cautious return,solid,Jun 10,"7,710","Jun 10: 7,710 projected cases per day"
2020-06-11,mod_2,64183,1113407,Soc. Dist. + Travel Ban,solid,Jun 11,"64,183","Jun 11: 64,183 projected cases per day"
2020-06-11,mod_4,26958,196009,Moderate return,solid,Jun 11,"26,958","Jun 11: 26,958 projected cases per day"
2020-06-11,mod_5,75730,1912038,Normal (pre-intervention),solid,Jun 11,"75,730","Jun 11: 75,730 projected cases per day"
2020-06-11,mod_6,8140,18859,Cautious return,solid,Jun 11,"8,140","Jun 11: 8,140 projected cases per day"
2020-06-12,mod_2,64439,992041,Soc. Dist. + Travel Ban,solid,Jun 12,"64,439","Jun 12: 64,439 projected cases per day"
2020-06-12,mod_4,27781,211501,Moderate return,solid,Jun 12,"27,781","Jun 12: 27,781 projected cases per day"
2020-06-12,mod_5,75885,1917254,Normal (pre-intervention),solid,Jun 12,"75,885","Jun 12: 75,885 projected cases per day"
2020-06-12,mod_6,8475,24578,Cautious return,solid,Jun 12,"8,475","Jun 12: 8,475 projected cases per day"
2020-06-13,mod_2,64664,1077916,Soc. Dist. + Travel Ban,solid,Jun 13,"64,664","Jun 13: 64,664 projected cases per day"
2020-06-13,mod_4,28558,237827,Moderate return,solid,Jun 13,"28,558","Jun 13: 28,558 projected cases per day"
2020-06-13,mod_5,75968,1905602,Normal (pre-intervention),solid,Jun 13,"75,968","Jun 13: 75,968 projected cases per day"
2020-06-13,mod_6,8876,27482,Cautious return,solid,Jun 13,"8,876","Jun 13: 8,876 projected cases per day"
2020-06-14,mod_2,64792,903831,Soc. Dist. + Travel Ban,solid,Jun 14,"64,792","Jun 14: 64,792 projected cases per day"
2020-06-14,mod_4,29354,284946,Moderate return,solid,Jun 14,"29,354","Jun 14: 29,354 projected cases per day"
2020-06-14,mod_5,75935,2071863,Normal (pre-intervention),solid,Jun 14,"75,935","Jun 14: 75,935 projected cases per day"
2020-06-14,mod_6,9221,22300,Cautious return,solid,Jun 14,"9,221","Jun 14: 9,221 projected cases per day"
2020-06-15,mod_2,64818,971601,Soc. Dist. + Travel Ban,solid,Jun 15,"64,818","Jun 15: 64,818 projected cases per day"
2020-06-15,mod_4,30051,276396,Moderate return,solid,Jun 15,"30,051","Jun 15: 30,051 projected cases per day"
2020-06-15,mod_5,75660,2023148,Normal (pre-intervention),solid,Jun 15,"75,660","Jun 15: 75,660 projected cases per day"
2020-06-15,mod_6,9607,27362,Cautious return,solid,Jun 15,"9,607","Jun 15: 9,607 projected cases per day"
2020-06-16,mod_2,64874,802783,Soc. Dist. + Travel Ban,solid,Jun 16,"64,874","Jun 16: 64,874 projected cases per day"
2020-06-16,mod_4,30704,334285,Moderate return,solid,Jun 16,"30,704","Jun 16: 30,704 projected cases per day"
2020-06-16,mod_5,75309,2006693,Normal (pre-intervention),solid,Jun 16,"75,309","Jun 16: 75,309 projected cases per day"
2020-06-16,mod_6,9941,34443,Cautious return,solid,Jun 16,"9,941","Jun 16: 9,941 projected cases per day"
2020-06-17,mod_2,64895,809873,Soc. Dist. + Travel Ban,solid,Jun 17,"64,895","Jun 17: 64,895 projected cases per day"
2020-06-17,mod_4,31356,364821,Moderate return,solid,Jun 17,"31,356","Jun 17: 31,356 projected cases per day"
2020-06-17,mod_5,74906,2030186,Normal (pre-intervention),solid,Jun 17,"74,906","Jun 17: 74,906 projected cases per day"
2020-06-17,mod_6,10315,28193,Cautious return,solid,Jun 17,"10,315","Jun 17: 10,315 projected cases per day"
2020-06-18,mod_2,64695,740992,Soc. Dist. + Travel Ban,solid,Jun 18,"64,695","Jun 18: 64,695 projected cases per day"
2020-06-18,mod_4,31861,379954,Moderate return,solid,Jun 18,"31,861","Jun 18: 31,861 projected cases per day"
2020-06-18,mod_5,74295,2004317,Normal (pre-intervention),solid,Jun 18,"74,295","Jun 18: 74,295 projected cases per day"
2020-06-18,mod_6,10661,37275,Cautious return,solid,Jun 18,"10,661","Jun 18: 10,661 projected cases per day"
2020-06-19,mod_2,64653,752007,Soc. Dist. + Travel Ban,solid,Jun 19,"64,653","Jun 19: 64,653 projected cases per day"
2020-06-19,mod_4,32357,428721,Moderate return,solid,Jun 19,"32,357","Jun 19: 32,357 projected cases per day"
2020-06-19,mod_5,73691,1846664,Normal (pre-intervention),solid,Jun 19,"73,691","Jun 19: 73,691 projected cases per day"
2020-06-19,mod_6,10992,36693,Cautious return,solid,Jun 19,"10,992","Jun 19: 10,992 projected cases per day"
2020-06-20,mod_2,64494,644432,Soc. Dist. + Travel Ban,solid,Jun 20,"64,494","Jun 20: 64,494 projected cases per day"
2020-06-20,mod_4,32781,436884,Moderate return,solid,Jun 20,"32,781","Jun 20: 32,781 projected cases per day"
2020-06-20,mod_5,72974,1778215,Normal (pre-intervention),solid,Jun 20,"72,974","Jun 20: 72,974 projected cases per day"
2020-06-20,mod_6,11310,41431,Cautious return,solid,Jun 20,"11,310","Jun 20: 11,310 projected cases per day"
2020-06-21,mod_2,64268,614862,Soc. Dist. + Travel Ban,solid,Jun 21,"64,268","Jun 21: 64,268 projected cases per day"
2020-06-21,mod_4,33237,506996,Moderate return,solid,Jun 21,"33,237","Jun 21: 33,237 projected cases per day"
2020-06-21,mod_5,72134,1674300,Normal (pre-intervention),solid,Jun 21,"72,134","Jun 21: 72,134 projected cases per day"
2020-06-21,mod_6,11615,41201,Cautious return,solid,Jun 21,"11,615","Jun 21: 11,615 projected cases per day"
2020-06-22,mod_2,64062,563767,Soc. Dist. + Travel Ban,solid,Jun 22,"64,062","Jun 22: 64,062 projected cases per day"
2020-06-22,mod_4,33599,573113,Moderate return,solid,Jun 22,"33,599","Jun 22: 33,599 projected cases per day"
2020-06-22,mod_5,71236,1641294,Normal (pre-intervention),solid,Jun 22,"71,236","Jun 22: 71,236 projected cases per day"
2020-06-22,mod_6,11939,40751,Cautious return,solid,Jun 22,"11,939","Jun 22: 11,939 projected cases per day"
2020-06-23,mod_2,63736,570061,Soc. Dist. + Travel Ban,solid,Jun 23,"63,736","Jun 23: 63,736 projected cases per day"
2020-06-23,mod_4,33967,542355,Moderate return,solid,Jun 23,"33,967","Jun 23: 33,967 projected cases per day"
2020-06-23,mod_5,70265,1495790,Normal (pre-intervention),solid,Jun 23,"70,265","Jun 23: 70,265 projected cases per day"
2020-06-23,mod_6,12215,53340,Cautious return,solid,Jun 23,"12,215","Jun 23: 12,215 projected cases per day"
2020-06-24,mod_2,63504,482387,Soc. Dist. + Travel Ban,solid,Jun 24,"63,504","Jun 24: 63,504 projected cases per day"
2020-06-24,mod_4,34286,566581,Moderate return,solid,Jun 24,"34,286","Jun 24: 34,286 projected cases per day"
2020-06-24,mod_5,69256,1358896,Normal (pre-intervention),solid,Jun 24,"69,256","Jun 24: 69,256 projected cases per day"
2020-06-24,mod_6,12490,56841,Cautious return,solid,Jun 24,"12,490","Jun 24: 12,490 projected cases per day"
2020-06-25,mod_2,63098,468407,Soc. Dist. + Travel Ban,solid,Jun 25,"63,098","Jun 25: 63,098 projected cases per day"
2020-06-25,mod_4,34511,636078,Moderate return,solid,Jun 25,"34,511","Jun 25: 34,511 projected cases per day"
2020-06-25,mod_5,68275,1356260,Normal (pre-intervention),solid,Jun 25,"68,275","Jun 25: 68,275 projected cases per day"
2020-06-25,mod_6,12757,53466,Cautious return,solid,Jun 25,"12,757","Jun 25: 12,757 projected cases per day"
2020-06-26,mod_2,62826,470846,Soc. Dist. + Travel Ban,solid,Jun 26,"62,826","Jun 26: 62,826 projected cases per day"
2020-06-26,mod_4,34694,613820,Moderate return,solid,Jun 26,"34,694","Jun 26: 34,694 projected cases per day"
2020-06-26,mod_5,67213,1232689,Normal (pre-intervention),solid,Jun 26,"67,213","Jun 26: 67,213 projected cases per day"
2020-06-26,mod_6,13028,53482,Cautious return,solid,Jun 26,"13,028","Jun 26: 13,028 projected cases per day"
2020-06-27,mod_2,62521,430873,Soc. Dist. + Travel Ban,solid,Jun 27,"62,521","Jun 27: 62,521 projected cases per day"
2020-06-27,mod_4,34876,739201,Moderate return,solid,Jun 27,"34,876","Jun 27: 34,876 projected cases per day"
2020-06-27,mod_5,66075,1135248,Normal (pre-intervention),solid,Jun 27,"66,075","Jun 27: 66,075 projected cases per day"
2020-06-27,mod_6,13320,72059,Cautious return,solid,Jun 27,"13,320","Jun 27: 13,320 projected cases per day"
2020-06-28,mod_2,62049,437976,Soc. Dist. + Travel Ban,solid,Jun 28,"62,049","Jun 28: 62,049 projected cases per day"
2020-06-28,mod_4,34999,667062,Moderate return,solid,Jun 28,"34,999","Jun 28: 34,999 projected cases per day"
2020-06-28,mod_5,65003,1049598,Normal (pre-intervention),solid,Jun 28,"65,003","Jun 28: 65,003 projected cases per day"
2020-06-28,mod_6,13494,62245,Cautious return,solid,Jun 28,"13,494","Jun 28: 13,494 projected cases per day"
2020-06-29,mod_2,61706,348987,Soc. Dist. + Travel Ban,solid,Jun 29,"61,706","Jun 29: 61,706 projected cases per day"
2020-06-29,mod_4,35086,790739,Moderate return,solid,Jun 29,"35,086","Jun 29: 35,086 projected cases per day"
2020-06-29,mod_5,63907,841090,Normal (pre-intervention),solid,Jun 29,"63,907","Jun 29: 63,907 projected cases per day"
2020-06-29,mod_6,13736,77258,Cautious return,solid,Jun 29,"13,736","Jun 29: 13,736 projected cases per day"
2020-06-30,mod_2,61231,351005,Soc. Dist. + Travel Ban,solid,Jun 30,"61,231","Jun 30: 61,231 projected cases per day"
2020-06-30,mod_4,35165,811135,Moderate return,solid,Jun 30,"35,165","Jun 30: 35,165 projected cases per day"
2020-06-30,mod_5,62702,850216,Normal (pre-intervention),solid,Jun 30,"62,702","Jun 30: 62,702 projected cases per day"
2020-06-30,mod_6,13959,69456,Cautious return,solid,Jun 30,"13,959","Jun 30: 13,959 projected cases per day"
2020-07-01,mod_2,60798,309113,Soc. Dist. + Travel Ban,solid,Jul 01,"60,798","Jul 01: 60,798 projected cases per day"
2020-07-01,mod_4,35198,774047,Moderate return,solid,Jul 01,"35,198","Jul 01: 35,198 projected cases per day"
2020-07-01,mod_5,61618,761750,Normal (pre-intervention),solid,Jul 01,"61,618","Jul 01: 61,618 projected cases per day"
2020-07-01,mod_6,14183,73349,Cautious return,solid,Jul 01,"14,183","Jul 01: 14,183 projected cases per day"
2020-07-02,mod_2,60382,289628,Soc. Dist. + Travel Ban,solid,Jul 02,"60,382","Jul 02: 60,382 projected cases per day"
2020-07-02,mod_4,35181,908476,Moderate return,solid,Jul 02,"35,181","Jul 02: 35,181 projected cases per day"
2020-07-02,mod_5,60484,647582,Normal (pre-intervention),solid,Jul 02,"60,484","Jul 02: 60,484 projected cases per day"
2020-07-02,mod_6,14345,91442,Cautious return,solid,Jul 02,"14,345","Jul 02: 14,345 projected cases per day"
2020-07-03,mod_2,59890,277495,Soc. Dist. + Travel Ban,solid,Jul 03,"59,890","Jul 03: 59,890 projected cases per day"
2020-07-03,mod_4,35055,867250,Moderate return,solid,Jul 03,"35,055","Jul 03: 35,055 projected cases per day"
2020-07-03,mod_5,59309,659494,Normal (pre-intervention),solid,Jul 03,"59,309","Jul 03: 59,309 projected cases per day"
2020-07-03,mod_6,14519,91065,Cautious return,solid,Jul 03,"14,519","Jul 03: 14,519 projected cases per day"
2020-07-04,mod_2,59402,278133,Soc. Dist. + Travel Ban,solid,Jul 04,"59,402","Jul 04: 59,402 projected cases per day"
2020-07-04,mod_4,35033,904526,Moderate return,solid,Jul 04,"35,033","Jul 04: 35,033 projected cases per day"
2020-07-04,mod_5,58184,566574,Normal (pre-intervention),solid,Jul 04,"58,184","Jul 04: 58,184 projected cases per day"
2020-07-04,mod_6,14698,109483,Cautious return,solid,Jul 04,"14,698","Jul 04: 14,698 projected cases per day"
2020-07-05,mod_2,58888,284308,Soc. Dist. + Travel Ban,solid,Jul 05,"58,888","Jul 05: 58,888 projected cases per day"
2020-07-05,mod_4,34912,996925,Moderate return,solid,Jul 05,"34,912","Jul 05: 34,912 projected cases per day"
2020-07-05,mod_5,57035,476123,Normal (pre-intervention),solid,Jul 05,"57,035","Jul 05: 57,035 projected cases per day"
2020-07-05,mod_6,14845,105733,Cautious return,solid,Jul 05,"14,845","Jul 05: 14,845 projected cases per day"
2020-07-06,mod_2,58435,206528,Soc. Dist. + Travel Ban,solid,Jul 06,"58,435","Jul 06: 58,435 projected cases per day"
2020-07-06,mod_4,34735,963976,Moderate return,solid,Jul 06,"34,735","Jul 06: 34,735 projected cases per day"
2020-07-06,mod_5,55936,437423,Normal (pre-intervention),solid,Jul 06,"55,936","Jul 06: 55,936 projected cases per day"
2020-07-06,mod_6,14983,103177,Cautious return,solid,Jul 06,"14,983","Jul 06: 14,983 projected cases per day"
2020-07-07,mod_2,58004,236545,Soc. Dist. + Travel Ban,solid,Jul 07,"58,004","Jul 07: 58,004 projected cases per day"
2020-07-07,mod_4,34605,1014831,Moderate return,solid,Jul 07,"34,605","Jul 07: 34,605 projected cases per day"
2020-07-07,mod_5,54927,382928,Normal (pre-intervention),solid,Jul 07,"54,927","Jul 07: 54,927 projected cases per day"
2020-07-07,mod_6,15082,116027,Cautious return,solid,Jul 07,"15,082","Jul 07: 15,082 projected cases per day"
2020-07-08,mod_2,57559,216619,Soc. Dist. + Travel Ban,solid,Jul 08,"57,559","Jul 08: 57,559 projected cases per day"
2020-07-08,mod_4,34378,1062918,Moderate return,solid,Jul 08,"34,378","Jul 08: 34,378 projected cases per day"
2020-07-08,mod_5,53702,372646,Normal (pre-intervention),solid,Jul 08,"53,702","Jul 08: 53,702 projected cases per day"
2020-07-08,mod_6,15207,128634,Cautious return,solid,Jul 08,"15,207","Jul 08: 15,207 projected cases per day"
2020-07-09,mod_2,56928,242334,Soc. Dist. + Travel Ban,solid,Jul 09,"56,928","Jul 09: 56,928 projected cases per day"
2020-07-09,mod_4,34205,1064927,Moderate return,solid,Jul 09,"34,205","Jul 09: 34,205 projected cases per day"
2020-07-09,mod_5,52577,321530,Normal (pre-intervention),solid,Jul 09,"52,577","Jul 09: 52,577 projected cases per day"
2020-07-09,mod_6,15260,117472,Cautious return,solid,Jul 09,"15,260","Jul 09: 15,260 projected cases per day"
2020-07-10,mod_2,56337,169190,Soc. Dist. + Travel Ban,solid,Jul 10,"56,337","Jul 10: 56,337 projected cases per day"
2020-07-10,mod_4,33966,1117356,Moderate return,solid,Jul 10,"33,966","Jul 10: 33,966 projected cases per day"
2020-07-10,mod_5,51541,282119,Normal (pre-intervention),solid,Jul 10,"51,541","Jul 10: 51,541 projected cases per day"
2020-07-10,mod_6,15368,131854,Cautious return,solid,Jul 10,"15,368","Jul 10: 15,368 projected cases per day"
2020-07-11,mod_2,55789,175726,Soc. Dist. + Travel Ban,solid,Jul 11,"55,789","Jul 11: 55,789 projected cases per day"
2020-07-11,mod_4,33715,1023962,Moderate return,solid,Jul 11,"33,715","Jul 11: 33,715 projected cases per day"
2020-07-11,mod_5,50487,265372,Normal (pre-intervention),solid,Jul 11,"50,487","Jul 11: 50,487 projected cases per day"
2020-07-11,mod_6,15453,149814,Cautious return,solid,Jul 11,"15,453","Jul 11: 15,453 projected cases per day"
2020-07-12,mod_2,55353,221376,Soc. Dist. + Travel Ban,solid,Jul 12,"55,353","Jul 12: 55,353 projected cases per day"
2020-07-12,mod_4,33441,1142663,Moderate return,solid,Jul 12,"33,441","Jul 12: 33,441 projected cases per day"
2020-07-12,mod_5,49378,236061,Normal (pre-intervention),solid,Jul 12,"49,378","Jul 12: 49,378 projected cases per day"
2020-07-12,mod_6,15543,156396,Cautious return,solid,Jul 12,"15,543","Jul 12: 15,543 projected cases per day"
2020-07-13,mod_2,54816,155254,Soc. Dist. + Travel Ban,solid,Jul 13,"54,816","Jul 13: 54,816 projected cases per day"
2020-07-13,mod_4,33178,1077861,Moderate return,solid,Jul 13,"33,178","Jul 13: 33,178 projected cases per day"
2020-07-13,mod_5,48272,199080,Normal (pre-intervention),solid,Jul 13,"48,272","Jul 13: 48,272 projected cases per day"
2020-07-13,mod_6,15613,154638,Cautious return,solid,Jul 13,"15,613","Jul 13: 15,613 projected cases per day"
2020-07-14,mod_2,54299,161941,Soc. Dist. + Travel Ban,solid,Jul 14,"54,299","Jul 14: 54,299 projected cases per day"
2020-07-14,mod_4,32890,1075853,Moderate return,solid,Jul 14,"32,890","Jul 14: 32,890 projected cases per day"
2020-07-14,mod_5,47261,172443,Normal (pre-intervention),solid,Jul 14,"47,261","Jul 14: 47,261 projected cases per day"
2020-07-14,mod_6,15555,174956,Cautious return,solid,Jul 14,"15,555","Jul 14: 15,555 projected cases per day"
2020-07-15,mod_2,53791,141650,Soc. Dist. + Travel Ban,solid,Jul 15,"53,791","Jul 15: 53,791 projected cases per day"
2020-07-15,mod_4,32594,988559,Moderate return,solid,Jul 15,"32,594","Jul 15: 32,594 projected cases per day"
2020-07-15,mod_5,46264,145122,Normal (pre-intervention),solid,Jul 15,"46,264","Jul 15: 46,264 projected cases per day"
2020-07-15,mod_6,15617,168975,Cautious return,solid,Jul 15,"15,617","Jul 15: 15,617 projected cases per day"
2020-07-16,mod_2,53329,123178,Soc. Dist. + Travel Ban,solid,Jul 16,"53,329","Jul 16: 53,329 projected cases per day"
2020-07-16,mod_4,32305,1107014,Moderate return,solid,Jul 16,"32,305","Jul 16: 32,305 projected cases per day"
2020-07-16,mod_5,45298,163486,Normal (pre-intervention),solid,Jul 16,"45,298","Jul 16: 45,298 projected cases per day"
2020-07-16,mod_6,15643,160953,Cautious return,solid,Jul 16,"15,643","Jul 16: 15,643 projected cases per day"
2020-07-17,mod_2,52690,141727,Soc. Dist. + Travel Ban,solid,Jul 17,"52,690","Jul 17: 52,690 projected cases per day"
2020-07-17,mod_4,31938,979916,Moderate return,solid,Jul 17,"31,938","Jul 17: 31,938 projected cases per day"
2020-07-17,mod_5,44314,115653,Normal (pre-intervention),solid,Jul 17,"44,314","Jul 17: 44,314 projected cases per day"
2020-07-17,mod_6,15697,179705,Cautious return,solid,Jul 17,"15,697","Jul 17: 15,697 projected cases per day"
2020-07-18,mod_2,52114,134089,Soc. Dist. + Travel Ban,solid,Jul 18,"52,114","Jul 18: 52,114 projected cases per day"
2020-07-18,mod_4,31627,899110,Moderate return,solid,Jul 18,"31,627","Jul 18: 31,627 projected cases per day"
2020-07-18,mod_5,43377,166252,Normal (pre-intervention),solid,Jul 18,"43,377","Jul 18: 43,377 projected cases per day"
2020-07-18,mod_6,15665,188632,Cautious return,solid,Jul 18,"15,665","Jul 18: 15,665 projected cases per day"
2020-07-19,mod_2,51593,127950,Soc. Dist. + Travel Ban,solid,Jul 19,"51,593","Jul 19: 51,593 projected cases per day"
2020-07-19,mod_4,31322,1019352,Moderate return,solid,Jul 19,"31,322","Jul 19: 31,322 projected cases per day"
2020-07-19,mod_5,42417,107897,Normal (pre-intervention),solid,Jul 19,"42,417","Jul 19: 42,417 projected cases per day"
2020-07-19,mod_6,15659,206753,Cautious return,solid,Jul 19,"15,659","Jul 19: 15,659 projected cases per day"
2020-07-20,mod_2,51096,125092,Soc. Dist. + Travel Ban,solid,Jul 20,"51,096","Jul 20: 51,096 projected cases per day"
2020-07-20,mod_4,31015,883419,Moderate return,solid,Jul 20,"31,015","Jul 20: 31,015 projected cases per day"
2020-07-20,mod_5,41443,107165,Normal (pre-intervention),solid,Jul 20,"41,443","Jul 20: 41,443 projected cases per day"
2020-07-20,mod_6,15707,207422,Cautious return,solid,Jul 20,"15,707","Jul 20: 15,707 projected cases per day"
2020-07-21,mod_2,50514,122201,Soc. Dist. + Travel Ban,solid,Jul 21,"50,514","Jul 21: 50,514 projected cases per day"
2020-07-21,mod_4,30656,809830,Moderate return,solid,Jul 21,"30,656","Jul 21: 30,656 projected cases per day"
2020-07-21,mod_5,40502,50061,Normal (pre-intervention),solid,Jul 21,"40,502","Jul 21: 40,502 projected cases per day"
2020-07-21,mod_6,15664,221486,Cautious return,solid,Jul 21,"15,664","Jul 21: 15,664 projected cases per day"
2020-07-22,mod_2,49858,101632,Soc. Dist. + Travel Ban,solid,Jul 22,"49,858","Jul 22: 49,858 projected cases per day"
2020-07-22,mod_4,30299,899126,Moderate return,solid,Jul 22,"30,299","Jul 22: 30,299 projected cases per day"
2020-07-22,mod_5,39595,114059,Normal (pre-intervention),solid,Jul 22,"39,595","Jul 22: 39,595 projected cases per day"
2020-07-22,mod_6,15646,254419,Cautious return,solid,Jul 22,"15,646","Jul 22: 15,646 projected cases per day"
2020-07-23,mod_2,49446,117164,Soc. Dist. + Travel Ban,solid,Jul 23,"49,446","Jul 23: 49,446 projected cases per day"
2020-07-23,mod_4,29924,786957,Moderate return,solid,Jul 23,"29,924","Jul 23: 29,924 projected cases per day"
2020-07-23,mod_5,38746,27001,Normal (pre-intervention),solid,Jul 23,"38,746","Jul 23: 38,746 projected cases per day"
2020-07-23,mod_6,15655,197481,Cautious return,solid,Jul 23,"15,655","Jul 23: 15,655 projected cases per day"
2020-07-24,mod_2,48907,82177,Soc. Dist. + Travel Ban,solid,Jul 24,"48,907","Jul 24: 48,907 projected cases per day"
2020-07-24,mod_4,29621,833962,Moderate return,solid,Jul 24,"29,621","Jul 24: 29,621 projected cases per day"
2020-07-24,mod_5,37837,63427,Normal (pre-intervention),solid,Jul 24,"37,837","Jul 24: 37,837 projected cases per day"
2020-07-24,mod_6,15595,277078,Cautious return,solid,Jul 24,"15,595","Jul 24: 15,595 projected cases per day"
2020-07-25,mod_2,48320,86167,Soc. Dist. + Travel Ban,solid,Jul 25,"48,320","Jul 25: 48,320 projected cases per day"
2020-07-25,mod_4,29216,710528,Moderate return,solid,Jul 25,"29,216","Jul 25: 29,216 projected cases per day"
2020-07-25,mod_5,37020,16444,Normal (pre-intervention),solid,Jul 25,"37,020","Jul 25: 37,020 projected cases per day"
2020-07-25,mod_6,15556,231591,Cautious return,solid,Jul 25,"15,556","Jul 25: 15,556 projected cases per day"
2020-07-26,mod_2,47740,123062,Soc. Dist. + Travel Ban,solid,Jul 26,"47,740","Jul 26: 47,740 projected cases per day"
2020-07-26,mod_4,28810,803530,Moderate return,solid,Jul 26,"28,810","Jul 26: 28,810 projected cases per day"
2020-07-26,mod_5,36235,66290,Normal (pre-intervention),solid,Jul 26,"36,235","Jul 26: 36,235 projected cases per day"
2020-07-26,mod_6,15471,264430,Cautious return,solid,Jul 26,"15,471","Jul 26: 15,471 projected cases per day"
2020-07-27,mod_2,47226,93285,Soc. Dist. + Travel Ban,solid,Jul 27,"47,226","Jul 27: 47,226 projected cases per day"
2020-07-27,mod_4,28585,629379,Moderate return,solid,Jul 27,"28,585","Jul 27: 28,585 projected cases per day"
2020-07-27,mod_5,35400,-45152,Normal (pre-intervention),solid,Jul 27,"35,400","Jul 27: 35,400 projected cases per day"
2020-07-27,mod_6,15449,326815,Cautious return,solid,Jul 27,"15,449","Jul 27: 15,449 projected cases per day"
2020-07-28,mod_2,46625,110557,Soc. Dist. + Travel Ban,solid,Jul 28,"46,625","Jul 28: 46,625 projected cases per day"
2020-07-28,mod_4,28222,565365,Moderate return,solid,Jul 28,"28,222","Jul 28: 28,222 projected cases per day"
2020-07-28,mod_5,34645,66544,Normal (pre-intervention),solid,Jul 28,"34,645","Jul 28: 34,645 projected cases per day"
2020-07-28,mod_6,15357,291020,Cautious return,solid,Jul 28,"15,357","Jul 28: 15,357 projected cases per day"
2020-07-29,mod_2,46072,70096,Soc. Dist. + Travel Ban,solid,Jul 29,"46,072","Jul 29: 46,072 projected cases per day"
2020-07-29,mod_4,27814,732657,Moderate return,solid,Jul 29,"27,814","Jul 29: 27,814 projected cases per day"
2020-07-29,mod_5,33917,8012,Normal (pre-intervention),solid,Jul 29,"33,917","Jul 29: 33,917 projected cases per day"
2020-07-29,mod_6,15365,284958,Cautious return,solid,Jul 29,"15,365","Jul 29: 15,365 projected cases per day"
2020-07-30,mod_2,45602,92155,Soc. Dist. + Travel Ban,solid,Jul 30,"45,602","Jul 30: 45,602 projected cases per day"
2020-07-30,mod_4,27449,497041,Moderate return,solid,Jul 30,"27,449","Jul 30: 27,449 projected cases per day"
2020-07-30,mod_5,33211,46585,Normal (pre-intervention),solid,Jul 30,"33,211","Jul 30: 33,211 projected cases per day"
2020-07-30,mod_6,15204,315879,Cautious return,solid,Jul 30,"15,204","Jul 30: 15,204 projected cases per day"
2020-07-31,mod_2,45047,76830,Soc. Dist. + Travel Ban,solid,Jul 31,"45,047","Jul 31: 45,047 projected cases per day"
2020-07-31,mod_4,27124,480303,Moderate return,solid,Jul 31,"27,124","Jul 31: 27,124 projected cases per day"
2020-07-31,mod_5,32394,-30817,Normal (pre-intervention),solid,Jul 31,"32,394","Jul 31: 32,394 projected cases per day"
2020-07-31,mod_6,15200,315681,Cautious return,solid,Jul 31,"15,200","Jul 31: 15,200 projected cases per day"
2020-08-01,mod_2,44525,86592,Soc. Dist. + Travel Ban,solid,Aug 01,"44,525","Aug 01: 44,525 projected cases per day"
2020-08-01,mod_4,26773,500222,Moderate return,solid,Aug 01,"26,773","Aug 01: 26,773 projected cases per day"
2020-08-01,mod_5,31582,43155,Normal (pre-intervention),solid,Aug 01,"31,582","Aug 01: 31,582 projected cases per day"
2020-08-01,mod_6,15151,331772,Cautious return,solid,Aug 01,"15,151","Aug 01: 15,151 projected cases per day"
2020-08-02,mod_2,43979,36033,Soc. Dist. + Travel Ban,solid,Aug 02,"43,979","Aug 02: 43,979 projected cases per day"
2020-08-02,mod_4,26424,471570,Moderate return,solid,Aug 02,"26,424","Aug 02: 26,424 projected cases per day"
2020-08-02,mod_5,31026,-14967,Normal (pre-intervention),solid,Aug 02,"31,026","Aug 02: 31,026 projected cases per day"
2020-08-02,mod_6,15044,339044,Cautious return,solid,Aug 02,"15,044","Aug 02: 15,044 projected cases per day"
2020-08-03,mod_2,43458,40852,Soc. Dist. + Travel Ban,solid,Aug 03,"43,458","Aug 03: 43,458 projected cases per day"
2020-08-03,mod_4,26054,349072,Moderate return,solid,Aug 03,"26,054","Aug 03: 26,054 projected cases per day"
2020-08-03,mod_5,30299,3892,Normal (pre-intervention),solid,Aug 03,"30,299","Aug 03: 30,299 projected cases per day"
2020-08-03,mod_6,14928,389107,Cautious return,solid,Aug 03,"14,928","Aug 03: 14,928 projected cases per day"
2020-08-04,mod_2,42838,64528,Soc. Dist. + Travel Ban,solid,Aug 04,"42,838","Aug 04: 42,838 projected cases per day"
2020-08-04,mod_4,25684,510890,Moderate return,solid,Aug 04,"25,684","Aug 04: 25,684 projected cases per day"
2020-08-04,mod_5,29571,-11499,Normal (pre-intervention),solid,Aug 04,"29,571","Aug 04: 29,571 projected cases per day"
2020-08-04,mod_6,14886,338876,Cautious return,solid,Aug 04,"14,886","Aug 04: 14,886 projected cases per day"
2020-08-05,mod_2,42378,30123,Soc. Dist. + Travel Ban,solid,Aug 05,"42,378","Aug 05: 42,378 projected cases per day"
2020-08-05,mod_4,25360,334916,Moderate return,solid,Aug 05,"25,360","Aug 05: 25,360 projected cases per day"
2020-08-05,mod_5,28948,-52389,Normal (pre-intervention),solid,Aug 05,"28,948","Aug 05: 28,948 projected cases per day"
2020-08-05,mod_6,14774,369009,Cautious return,solid,Aug 05,"14,774","Aug 05: 14,774 projected cases per day"
2020-08-06,mod_2,41930,52990,Soc. Dist. + Travel Ban,solid,Aug 06,"41,930","Aug 06: 41,930 projected cases per day"
2020-08-06,mod_4,25020,320549,Moderate return,solid,Aug 06,"25,020","Aug 06: 25,020 projected cases per day"
2020-08-06,mod_5,28219,-30914,Normal (pre-intervention),solid,Aug 06,"28,219","Aug 06: 28,219 projected cases per day"
2020-08-06,mod_6,14718,423924,Cautious return,solid,Aug 06,"14,718","Aug 06: 14,718 projected cases per day"
2020-08-07,mod_2,41306,53478,Soc. Dist. + Travel Ban,solid,Aug 07,"41,306","Aug 07: 41,306 projected cases per day"
2020-08-07,mod_4,24633,342825,Moderate return,solid,Aug 07,"24,633","Aug 07: 24,633 projected cases per day"
2020-08-07,mod_5,27708,11489,Normal (pre-intervention),solid,Aug 07,"27,708","Aug 07: 27,708 projected cases per day"
2020-08-07,mod_6,14631,423888,Cautious return,solid,Aug 07,"14,631","Aug 07: 14,631 projected cases per day"
2020-08-08,mod_2,40807,69174,Soc. Dist. + Travel Ban,solid,Aug 08,"40,807","Aug 08: 40,807 projected cases per day"
2020-08-08,mod_4,24345,376817,Moderate return,solid,Aug 08,"24,345","Aug 08: 24,345 projected cases per day"
2020-08-08,mod_5,27002,-1115,Normal (pre-intervention),solid,Aug 08,"27,002","Aug 08: 27,002 projected cases per day"
2020-08-08,mod_6,14529,449205,Cautious return,solid,Aug 08,"14,529","Aug 08: 14,529 projected cases per day"
2020-08-09,mod_2,40319,29771,Soc. Dist. + Travel Ban,solid,Aug 09,"40,319","Aug 09: 40,319 projected cases per day"
2020-08-09,mod_4,23976,275080,Moderate return,solid,Aug 09,"23,976","Aug 09: 23,976 projected cases per day"
2020-08-09,mod_5,26415,-44538,Normal (pre-intervention),solid,Aug 09,"26,415","Aug 09: 26,415 projected cases per day"
2020-08-09,mod_6,14455,334730,Cautious return,solid,Aug 09,"14,455","Aug 09: 14,455 projected cases per day"
2020-08-10,mod_2,39776,27974,Soc. Dist. + Travel Ban,solid,Aug 10,"39,776","Aug 10: 39,776 projected cases per day"
2020-08-10,mod_4,23690,295231,Moderate return,solid,Aug 10,"23,690","Aug 10: 23,690 projected cases per day"
2020-08-10,mod_5,25924,-32974,Normal (pre-intervention),solid,Aug 10,"25,924","Aug 10: 25,924 projected cases per day"
2020-08-10,mod_6,14276,484913,Cautious return,solid,Aug 10,"14,276","Aug 10: 14,276 projected cases per day"
2020-08-11,mod_2,39247,39047,Soc. Dist. + Travel Ban,solid,Aug 11,"39,247","Aug 11: 39,247 projected cases per day"
2020-08-11,mod_4,23299,227423,Moderate return,solid,Aug 11,"23,299","Aug 11: 23,299 projected cases per day"
2020-08-11,mod_5,25320,-3028,Normal (pre-intervention),solid,Aug 11,"25,320","Aug 11: 25,320 projected cases per day"
2020-08-11,mod_6,14261,512011,Cautious return,solid,Aug 11,"14,261","Aug 11: 14,261 projected cases per day"
2020-08-12,mod_2,38809,21304,Soc. Dist. + Travel Ban,solid,Aug 12,"38,809","Aug 12: 38,809 projected cases per day"
2020-08-12,mod_4,22975,285890,Moderate return,solid,Aug 12,"22,975","Aug 12: 22,975 projected cases per day"
2020-08-12,mod_5,24735,-39780,Normal (pre-intervention),solid,Aug 12,"24,735","Aug 12: 24,735 projected cases per day"
2020-08-12,mod_6,14110,445521,Cautious return,solid,Aug 12,"14,110","Aug 12: 14,110 projected cases per day"
2020-08-13,mod_2,38241,38655,Soc. Dist. + Travel Ban,solid,Aug 13,"38,241","Aug 13: 38,241 projected cases per day"
2020-08-13,mod_4,22715,209150,Moderate return,solid,Aug 13,"22,715","Aug 13: 22,715 projected cases per day"
2020-08-13,mod_5,24201,6250,Normal (pre-intervention),solid,Aug 13,"24,201","Aug 13: 24,201 projected cases per day"
2020-08-13,mod_6,14004,511426,Cautious return,solid,Aug 13,"14,004","Aug 13: 14,004 projected cases per day"
2020-08-14,mod_2,37859,27808,Soc. Dist. + Travel Ban,solid,Aug 14,"37,859","Aug 14: 37,859 projected cases per day"
2020-08-14,mod_4,22353,219339,Moderate return,solid,Aug 14,"22,353","Aug 14: 22,353 projected cases per day"
2020-08-14,mod_5,23654,-51715,Normal (pre-intervention),solid,Aug 14,"23,654","Aug 14: 23,654 projected cases per day"
2020-08-14,mod_6,13946,446570,Cautious return,solid,Aug 14,"13,946","Aug 14: 13,946 projected cases per day"
2020-08-15,mod_2,37259,20723,Soc. Dist. + Travel Ban,solid,Aug 15,"37,259","Aug 15: 37,259 projected cases per day"
2020-08-15,mod_4,21993,244108,Moderate return,solid,Aug 15,"21,993","Aug 15: 21,993 projected cases per day"
2020-08-15,mod_5,23214,4516,Normal (pre-intervention),solid,Aug 15,"23,214","Aug 15: 23,214 projected cases per day"
2020-08-15,mod_6,13811,523728,Cautious return,solid,Aug 15,"13,811","Aug 15: 13,811 projected cases per day"
2020-08-16,mod_2,36819,50870,Soc. Dist. + Travel Ban,solid,Aug 16,"36,819","Aug 16: 36,819 projected cases per day"
2020-08-16,mod_4,21680,207362,Moderate return,solid,Aug 16,"21,680","Aug 16: 21,680 projected cases per day"
2020-08-16,mod_5,22657,-68489,Normal (pre-intervention),solid,Aug 16,"22,657","Aug 16: 22,657 projected cases per day"
2020-08-16,mod_6,13695,495942,Cautious return,solid,Aug 16,"13,695","Aug 16: 13,695 projected cases per day"
2020-08-17,mod_2,36268,-3765,Soc. Dist. + Travel Ban,solid,Aug 17,"36,268","Aug 17: 36,268 projected cases per day"
2020-08-17,mod_4,21375,178533,Moderate return,solid,Aug 17,"21,375","Aug 17: 21,375 projected cases per day"
2020-08-17,mod_5,22146,-40091,Normal (pre-intervention),solid,Aug 17,"22,146","Aug 17: 22,146 projected cases per day"
2020-08-17,mod_6,13620,514566,Cautious return,solid,Aug 17,"13,620","Aug 17: 13,620 projected cases per day"
2020-08-18,mod_2,35838,46929,Soc. Dist. + Travel Ban,solid,Aug 18,"35,838","Aug 18: 35,838 projected cases per day"
2020-08-18,mod_4,21033,170948,Moderate return,solid,Aug 18,"21,033","Aug 18: 21,033 projected cases per day"
2020-08-18,mod_5,21681,-45441,Normal (pre-intervention),solid,Aug 18,"21,681","Aug 18: 21,681 projected cases per day"
2020-08-18,mod_6,13463,478758,Cautious return,solid,Aug 18,"13,463","Aug 18: 13,463 projected cases per day"
2020-08-19,mod_2,35489,18667,Soc. Dist. + Travel Ban,solid,Aug 19,"35,489","Aug 19: 35,489 projected cases per day"
2020-08-19,mod_4,20748,176427,Moderate return,solid,Aug 19,"20,748","Aug 19: 20,748 projected cases per day"
2020-08-19,mod_5,21189,-49521,Normal (pre-intervention),solid,Aug 19,"21,189","Aug 19: 21,189 projected cases per day"
2020-08-19,mod_6,13376,485139,Cautious return,solid,Aug 19,"13,376","Aug 19: 13,376 projected cases per day"
2020-08-20,mod_2,34993,43221,Soc. Dist. + Travel Ban,solid,Aug 20,"34,993","Aug 20: 34,993 projected cases per day"
2020-08-20,mod_4,20501,151234,Moderate return,solid,Aug 20,"20,501","Aug 20: 20,501 projected cases per day"
2020-08-20,mod_5,20723,-46342,Normal (pre-intervention),solid,Aug 20,"20,723","Aug 20: 20,723 projected cases per day"
2020-08-20,mod_6,13252,530605,Cautious return,solid,Aug 20,"13,252","Aug 20: 13,252 projected cases per day"
2020-08-21,mod_2,34426,23008,Soc. Dist. + Travel Ban,solid,Aug 21,"34,426","Aug 21: 34,426 projected cases per day"
2020-08-21,mod_4,20135,101732,Moderate return,solid,Aug 21,"20,135","Aug 21: 20,135 projected cases per day"
2020-08-21,mod_5,20279,-40245,Normal (pre-intervention),solid,Aug 21,"20,279","Aug 21: 20,279 projected cases per day"
2020-08-21,mod_6,13164,527747,Cautious return,solid,Aug 21,"13,164","Aug 21: 13,164 projected cases per day"
2020-08-22,mod_2,34061,-6310,Soc. Dist. + Travel Ban,solid,Aug 22,"34,061","Aug 22: 34,061 projected cases per day"
2020-08-22,mod_4,19747,157514,Moderate return,solid,Aug 22,"19,747","Aug 22: 19,747 projected cases per day"
2020-08-22,mod_5,19795,-55133,Normal (pre-intervention),solid,Aug 22,"19,795","Aug 22: 19,795 projected cases per day"
2020-08-22,mod_6,13029,585282,Cautious return,solid,Aug 22,"13,029","Aug 22: 13,029 projected cases per day"
2020-08-23,mod_2,33538,23465,Soc. Dist. + Travel Ban,solid,Aug 23,"33,538","Aug 23: 33,538 projected cases per day"
2020-08-23,mod_4,19482,108004,Moderate return,solid,Aug 23,"19,482","Aug 23: 19,482 projected cases per day"
2020-08-23,mod_5,19387,-41547,Normal (pre-intervention),solid,Aug 23,"19,387","Aug 23: 19,387 projected cases per day"
2020-08-23,mod_6,12938,485111,Cautious return,solid,Aug 23,"12,938","Aug 23: 12,938 projected cases per day"
2020-08-24,mod_2,33104,5016,Soc. Dist. + Travel Ban,solid,Aug 24,"33,104","Aug 24: 33,104 projected cases per day"
2020-08-24,mod_4,19237,129342,Moderate return,solid,Aug 24,"19,237","Aug 24: 19,237 projected cases per day"
2020-08-24,mod_5,19009,-2060,Normal (pre-intervention),solid,Aug 24,"19,009","Aug 24: 19,009 projected cases per day"
2020-08-24,mod_6,12826,589271,Cautious return,solid,Aug 24,"12,826","Aug 24: 12,826 projected cases per day"
2020-08-25,mod_2,32740,22900,Soc. Dist. + Travel Ban,solid,Aug 25,"32,740","Aug 25: 32,740 projected cases per day"
2020-08-25,mod_4,18883,118275,Moderate return,solid,Aug 25,"18,883","Aug 25: 18,883 projected cases per day"
2020-08-25,mod_5,18600,-41436,Normal (pre-intervention),solid,Aug 25,"18,600","Aug 25: 18,600 projected cases per day"
2020-08-25,mod_6,12694,532476,Cautious return,solid,Aug 25,"12,694","Aug 25: 12,694 projected cases per day"
2020-08-26,mod_2,32302,-2622,Soc. Dist. + Travel Ban,solid,Aug 26,"32,302","Aug 26: 32,302 projected cases per day"
2020-08-26,mod_4,18603,79468,Moderate return,solid,Aug 26,"18,603","Aug 26: 18,603 projected cases per day"
2020-08-26,mod_5,18186,-49509,Normal (pre-intervention),solid,Aug 26,"18,186","Aug 26: 18,186 projected cases per day"
2020-08-26,mod_6,12582,494429,Cautious return,solid,Aug 26,"12,582","Aug 26: 12,582 projected cases per day"
2020-08-27,mod_2,31956,-8248,Soc. Dist. + Travel Ban,solid,Aug 27,"31,956","Aug 27: 31,956 projected cases per day"
2020-08-27,mod_4,18426,134452,Moderate return,solid,Aug 27,"18,426","Aug 27: 18,426 projected cases per day"
2020-08-27,mod_5,17863,-54781,Normal (pre-intervention),solid,Aug 27,"17,863","Aug 27: 17,863 projected cases per day"
2020-08-27,mod_6,12420,547449,Cautious return,solid,Aug 27,"12,420","Aug 27: 12,420 projected cases per day"
2020-08-28,mod_2,31333,30092,Soc. Dist. + Travel Ban,solid,Aug 28,"31,333","Aug 28: 31,333 projected cases per day"
2020-08-28,mod_4,17957,94150,Moderate return,solid,Aug 28,"17,957","Aug 28: 17,957 projected cases per day"
2020-08-28,mod_5,17415,-24547,Normal (pre-intervention),solid,Aug 28,"17,415","Aug 28: 17,415 projected cases per day"
2020-08-28,mod_6,12379,448006,Cautious return,solid,Aug 28,"12,379","Aug 28: 12,379 projected cases per day"
2020-08-29,mod_2,31066,37494,Soc. Dist. + Travel Ban,solid,Aug 29,"31,066","Aug 29: 31,066 projected cases per day"
2020-08-29,mod_4,17793,82279,Moderate return,solid,Aug 29,"17,793","Aug 29: 17,793 projected cases per day"
2020-08-29,mod_5,17061,-48896,Normal (pre-intervention),solid,Aug 29,"17,061","Aug 29: 17,061 projected cases per day"
2020-08-29,mod_6,12208,496112,Cautious return,solid,Aug 29,"12,208","Aug 29: 12,208 projected cases per day"
2020-08-30,mod_2,30586,-11112,Soc. Dist. + Travel Ban,solid,Aug 30,"30,586","Aug 30: 30,586 projected cases per day"
2020-08-30,mod_4,17552,118051,Moderate return,solid,Aug 30,"17,552","Aug 30: 17,552 projected cases per day"
2020-08-30,mod_5,16784,-21681,Normal (pre-intervention),solid,Aug 30,"16,784","Aug 30: 16,784 projected cases per day"
2020-08-30,mod_6,12124,536896,Cautious return,solid,Aug 30,"12,124","Aug 30: 12,124 projected cases per day"
2020-08-31,mod_2,30202,47027,Soc. Dist. + Travel Ban,solid,Aug 31,"30,202","Aug 31: 30,202 projected cases per day"
2020-08-31,mod_4,17190,66960,Moderate return,solid,Aug 31,"17,190","Aug 31: 17,190 projected cases per day"
2020-08-31,mod_5,16453,-66238,Normal (pre-intervention),solid,Aug 31,"16,453","Aug 31: 16,453 projected cases per day"
2020-08-31,mod_6,12066,487201,Cautious return,solid,Aug 31,"12,066","Aug 31: 12,066 projected cases per day"
