Dates,variable,value,upper_ci,color,type
2020-03-01,True,3,NA,Observed,solid
2020-03-02,True,5,NA,Observed,solid
2020-03-03,True,5,NA,Observed,solid
2020-03-04,True,28,NA,Observed,solid
2020-03-05,True,30,NA,Observed,solid
2020-03-06,True,31,NA,Observed,solid
2020-03-07,True,34,NA,Observed,solid
2020-03-08,True,39,NA,Observed,solid
2020-03-09,True,43,NA,Observed,solid
2020-03-10,True,56,NA,Observed,solid
2020-03-11,True,62,NA,Observed,solid
2020-03-12,True,73,NA,Observed,solid
2020-03-13,True,82,NA,Observed,solid
2020-03-14,True,102,NA,Observed,solid
2020-03-15,True,113,NA,Observed,solid
2020-03-16,True,119,NA,Observed,solid
2020-03-17,True,142,NA,Observed,solid
2020-03-18,True,156,NA,Observed,solid
2020-03-19,True,194,NA,Observed,solid
2020-03-20,True,244,NA,Observed,solid
2020-03-21,True,330,NA,Observed,solid
2020-03-22,True,396,NA,Observed,solid
2020-03-23,True,499,NA,Observed,solid
2020-03-23,mod_2,499,NA,Soc. Dist. + Travel Ban,solid
2020-03-23,mod_3,499,NA,No Intervention,solid
2020-03-23,mod_4,499,NA,Moderate return,solid
2020-03-23,mod_5,499,NA,Normal (pre-intervention),solid
2020-03-23,mod_6,499,NA,Cautious return,solid
2020-03-24,True,536,NA,Observed,solid
2020-03-25,True,657,NA,Observed,solid
2020-03-26,True,727,NA,Observed,solid
2020-03-27,True,887,NA,Observed,solid
2020-03-28,True,987,NA,Observed,solid
2020-03-29,True,1024,NA,Observed,solid
2020-03-30,True,1251,NA,Observed,solid
2020-03-31,True,1397,NA,Observed,solid
2020-04-01,True,1998,NA,Observed,solid
2020-04-02,True,2543,NA,Observed,solid
2020-04-03,True,2567,NA,Observed,solid
2020-04-04,True,3082,NA,Observed,solid
2020-04-05,True,3588,NA,Observed,solid
2020-04-06,True,4778,NA,Observed,solid
2020-04-07,mod_2,4368,31131,Soc. Dist. + Travel Ban,solid
2020-04-07,mod_3,4823,31769,No Intervention,solid
2020-04-07,mod_4,4411,30526,Moderate return,solid
2020-04-07,mod_5,4413,30987,Normal (pre-intervention),solid
2020-04-07,mod_6,4407,30661,Cautious return,solid
2020-04-08,mod_2,4766,33177,Soc. Dist. + Travel Ban,solid
2020-04-08,mod_3,5704,35834,No Intervention,solid
2020-04-08,mod_4,4857,33329,Moderate return,solid
2020-04-08,mod_5,4858,33268,Normal (pre-intervention),solid
2020-04-08,mod_6,4849,33213,Cautious return,solid
2020-04-09,mod_2,5202,35670,Soc. Dist. + Travel Ban,solid
2020-04-09,mod_3,6789,42150,No Intervention,solid
2020-04-09,mod_4,5304,35916,Moderate return,solid
2020-04-09,mod_5,5304,35817,Normal (pre-intervention),solid
2020-04-09,mod_6,5298,35934,Cautious return,solid
2020-04-10,mod_2,5673,38753,Soc. Dist. + Travel Ban,solid
2020-04-10,mod_3,8155,48933,No Intervention,solid
2020-04-10,mod_4,5746,38767,Moderate return,solid
2020-04-10,mod_5,5743,38696,Normal (pre-intervention),solid
2020-04-10,mod_6,5737,38467,Cautious return,solid
2020-04-11,mod_2,6180,41824,Soc. Dist. + Travel Ban,solid
2020-04-11,mod_3,9899,59381,No Intervention,solid
2020-04-11,mod_4,6170,41432,Moderate return,solid
2020-04-11,mod_5,6160,41335,Normal (pre-intervention),solid
2020-04-11,mod_6,6160,41286,Cautious return,solid
2020-04-12,mod_2,6730,45059,Soc. Dist. + Travel Ban,solid
2020-04-12,mod_3,12180,72949,No Intervention,solid
2020-04-12,mod_4,6567,44216,Moderate return,solid
2020-04-12,mod_5,6561,44064,Normal (pre-intervention),solid
2020-04-12,mod_6,6563,44030,Cautious return,solid
2020-04-13,mod_2,7337,49122,Soc. Dist. + Travel Ban,solid
2020-04-13,mod_3,15204,91764,No Intervention,solid
2020-04-13,mod_4,6936,46469,Moderate return,solid
2020-04-13,mod_5,6927,46713,Normal (pre-intervention),solid
2020-04-13,mod_6,6931,46421,Cautious return,solid
2020-04-14,mod_2,8012,53784,Soc. Dist. + Travel Ban,solid
2020-04-14,mod_3,19325,117689,No Intervention,solid
2020-04-14,mod_4,7264,48864,Moderate return,solid
2020-04-14,mod_5,7260,48702,Normal (pre-intervention),solid
2020-04-14,mod_6,7266,49067,Cautious return,solid
2020-04-15,mod_2,8752,58233,Soc. Dist. + Travel Ban,solid
2020-04-15,mod_3,25021,155990,No Intervention,solid
2020-04-15,mod_4,7558,51212,Moderate return,solid
2020-04-15,mod_5,7546,51095,Normal (pre-intervention),solid
2020-04-15,mod_6,7559,50796,Cautious return,solid
2020-04-16,mod_2,9599,64325,Soc. Dist. + Travel Ban,solid
2020-04-16,mod_3,33097,207441,No Intervention,solid
2020-04-16,mod_4,7841,53661,Moderate return,solid
2020-04-16,mod_5,7833,53364,Normal (pre-intervention),solid
2020-04-16,mod_6,7846,53014,Cautious return,solid
2020-04-17,mod_2,10542,70551,Soc. Dist. + Travel Ban,solid
2020-04-17,mod_3,44733,284471,No Intervention,solid
2020-04-17,mod_4,8121,55442,Moderate return,solid
2020-04-17,mod_5,8106,55399,Normal (pre-intervention),solid
2020-04-17,mod_6,8131,55210,Cautious return,solid
2020-04-18,mod_2,11632,77983,Soc. Dist. + Travel Ban,solid
2020-04-18,mod_3,61667,391907,No Intervention,solid
2020-04-18,mod_4,8392,57633,Moderate return,solid
2020-04-18,mod_5,8375,57246,Normal (pre-intervention),solid
2020-04-18,mod_6,8404,57472,Cautious return,solid
2020-04-19,mod_2,12887,86549,Soc. Dist. + Travel Ban,solid
2020-04-19,mod_3,86229,542849,No Intervention,solid
2020-04-19,mod_4,8658,59666,Moderate return,solid
2020-04-19,mod_5,8649,59658,Normal (pre-intervention),solid
2020-04-19,mod_6,8668,59499,Cautious return,solid
2020-04-20,mod_2,14356,97036,Soc. Dist. + Travel Ban,solid
2020-04-20,mod_3,121402,763816,No Intervention,solid
2020-04-20,mod_4,8924,61550,Moderate return,solid
2020-04-20,mod_5,8920,62032,Normal (pre-intervention),solid
2020-04-20,mod_6,8927,61419,Cautious return,solid
2020-04-21,mod_2,16083,107957,Soc. Dist. + Travel Ban,solid
2020-04-21,mod_3,170554,1076078,No Intervention,solid
2020-04-21,mod_4,9183,63625,Moderate return,solid
2020-04-21,mod_5,9182,64401,Normal (pre-intervention),solid
2020-04-21,mod_6,9190,64065,Cautious return,solid
2020-04-22,mod_2,18143,121004,Soc. Dist. + Travel Ban,solid
2020-04-22,mod_3,237347,1527087,No Intervention,solid
2020-04-22,mod_4,9442,65971,Moderate return,solid
2020-04-22,mod_5,9437,66015,Normal (pre-intervention),solid
2020-04-22,mod_6,9452,65903,Cautious return,solid
2020-04-23,mod_2,20591,135419,Soc. Dist. + Travel Ban,solid
2020-04-23,mod_3,325518,2151190,No Intervention,solid
2020-04-23,mod_4,9706,68033,Moderate return,solid
2020-04-23,mod_5,9697,68328,Normal (pre-intervention),solid
2020-04-23,mod_6,9715,67946,Cautious return,solid
2020-04-24,mod_2,23530,153390,Soc. Dist. + Travel Ban,solid
2020-04-24,mod_3,438861,3029605,No Intervention,solid
2020-04-24,mod_4,9969,70553,Moderate return,solid
2020-04-24,mod_5,9953,70307,Normal (pre-intervention),solid
2020-04-24,mod_6,9974,70287,Cautious return,solid
2020-04-25,mod_2,27071,174211,Soc. Dist. + Travel Ban,solid
2020-04-25,mod_3,580903,4234746,No Intervention,solid
2020-04-25,mod_4,10230,72608,Moderate return,solid
2020-04-25,mod_5,10204,72193,Normal (pre-intervention),solid
2020-04-25,mod_6,10242,72819,Cautious return,solid
2020-04-26,mod_2,31311,196931,Soc. Dist. + Travel Ban,solid
2020-04-26,mod_3,754744,5908118,No Intervention,solid
2020-04-26,mod_4,10491,75002,Moderate return,solid
2020-04-26,mod_5,10460,74884,Normal (pre-intervention),solid
2020-04-26,mod_6,10503,75231,Cautious return,solid
2020-04-27,mod_2,36413,224887,Soc. Dist. + Travel Ban,solid
2020-04-27,mod_3,963026,8172361,No Intervention,solid
2020-04-27,mod_4,10747,77608,Moderate return,solid
2020-04-27,mod_5,10721,77049,Normal (pre-intervention),solid
2020-04-27,mod_6,10766,77031,Cautious return,solid
2020-04-28,mod_2,42529,256444,Soc. Dist. + Travel Ban,solid
2020-04-28,mod_3,1207512,11108863,No Intervention,solid
2020-04-28,mod_4,11008,79990,Moderate return,solid
2020-04-28,mod_5,10976,79084,Normal (pre-intervention),solid
2020-04-28,mod_6,11026,79549,Cautious return,solid
2020-04-29,mod_2,49804,293356,Soc. Dist. + Travel Ban,solid
2020-04-29,mod_3,1489540,14816653,No Intervention,solid
2020-04-29,mod_4,11265,82004,Moderate return,solid
2020-04-29,mod_5,11242,81409,Normal (pre-intervention),solid
2020-04-29,mod_6,11289,81626,Cautious return,solid
2020-04-30,mod_2,58449,340044,Soc. Dist. + Travel Ban,solid
2020-04-30,mod_3,1809549,19178060,No Intervention,solid
2020-04-30,mod_4,11536,84308,Moderate return,solid
2020-04-30,mod_5,11523,84053,Normal (pre-intervention),solid
2020-04-30,mod_6,11570,84166,Cautious return,solid
2020-05-01,mod_2,68617,389968,Soc. Dist. + Travel Ban,solid
2020-05-01,mod_3,2167340,24233253,No Intervention,solid
2020-05-01,mod_4,11821,86397,Moderate return,solid
2020-05-01,mod_5,11835,86722,Normal (pre-intervention),solid
2020-05-01,mod_6,11849,87361,Cautious return,solid
2020-05-02,mod_2,80573,452271,Soc. Dist. + Travel Ban,solid
2020-05-02,mod_3,2562281,29666307,No Intervention,solid
2020-05-02,mod_4,12132,89281,Moderate return,solid
2020-05-02,mod_5,12176,89133,Normal (pre-intervention),solid
2020-05-02,mod_6,12150,89049,Cautious return,solid
2020-05-03,mod_2,94485,523020,Soc. Dist. + Travel Ban,solid
2020-05-03,mod_3,2993116,35567719,No Intervention,solid
2020-05-03,mod_4,12472,91882,Moderate return,solid
2020-05-03,mod_5,12561,93140,Normal (pre-intervention),solid
2020-05-03,mod_6,12467,91714,Cautious return,solid
2020-05-04,mod_2,110590,607090,Soc. Dist. + Travel Ban,solid
2020-05-04,mod_3,3457897,41854590,No Intervention,solid
2020-05-04,mod_4,12838,94999,Moderate return,solid
2020-05-04,mod_5,13005,96129,Normal (pre-intervention),solid
2020-05-04,mod_6,12792,94693,Cautious return,solid
2020-05-05,mod_2,129049,705957,Soc. Dist. + Travel Ban,solid
2020-05-05,mod_3,3954365,48190573,No Intervention,solid
2020-05-05,mod_4,13250,98812,Moderate return,solid
2020-05-05,mod_5,13510,99967,Normal (pre-intervention),solid
2020-05-05,mod_6,13141,97234,Cautious return,solid
2020-05-06,mod_2,150124,818361,Soc. Dist. + Travel Ban,solid
2020-05-06,mod_3,4479781,54383119,No Intervention,solid
2020-05-06,mod_4,13703,101888,Moderate return,solid
2020-05-06,mod_5,14102,104752,Normal (pre-intervention),solid
2020-05-06,mod_6,13520,100549,Cautious return,solid
2020-05-07,mod_2,173981,954011,Soc. Dist. + Travel Ban,solid
2020-05-07,mod_3,5031478,60675870,No Intervention,solid
2020-05-07,mod_4,14204,106078,Moderate return,solid
2020-05-07,mod_5,14815,110043,Normal (pre-intervention),solid
2020-05-07,mod_6,13936,104410,Cautious return,solid
2020-05-08,mod_2,200739,1101661,Soc. Dist. + Travel Ban,solid
2020-05-08,mod_3,5606247,66662149,No Intervention,solid
2020-05-08,mod_4,14769,109835,Moderate return,solid
2020-05-08,mod_5,15680,114785,Normal (pre-intervention),solid
2020-05-08,mod_6,14384,107558,Cautious return,solid
2020-05-09,mod_2,230551,1293788,Soc. Dist. + Travel Ban,solid
2020-05-09,mod_3,6201313,71925056,No Intervention,solid
2020-05-09,mod_4,15415,115355,Moderate return,solid
2020-05-09,mod_5,16751,122911,Normal (pre-intervention),solid
2020-05-09,mod_6,14873,111581,Cautious return,solid
2020-05-10,mod_2,263477,1494416,Soc. Dist. + Travel Ban,solid
2020-05-10,mod_3,6813648,76700608,No Intervention,solid
2020-05-10,mod_4,16173,120413,Moderate return,solid
2020-05-10,mod_5,18072,130041,Normal (pre-intervention),solid
2020-05-10,mod_6,15421,114405,Cautious return,solid
2020-05-11,mod_2,299602,1745846,Soc. Dist. + Travel Ban,solid
2020-05-11,mod_3,7440366,80945025,No Intervention,solid
2020-05-11,mod_4,17060,125887,Moderate return,solid
2020-05-11,mod_5,19764,139562,Normal (pre-intervention),solid
2020-05-11,mod_6,16026,119035,Cautious return,solid
2020-05-12,mod_2,339025,2037957,Soc. Dist. + Travel Ban,solid
2020-05-12,mod_3,8078677,84727754,No Intervention,solid
2020-05-12,mod_4,18096,132506,Moderate return,solid
2020-05-12,mod_5,21897,150886,Normal (pre-intervention),solid
2020-05-12,mod_6,16699,122749,Cautious return,solid
2020-05-13,mod_2,381742,2355299,Soc. Dist. + Travel Ban,solid
2020-05-13,mod_3,8726155,87994582,No Intervention,solid
2020-05-13,mod_4,19337,137930,Moderate return,solid
2020-05-13,mod_5,24685,164210,Normal (pre-intervention),solid
2020-05-13,mod_6,17471,127610,Cautious return,solid
2020-05-14,mod_2,427725,2736077,Soc. Dist. + Travel Ban,solid
2020-05-14,mod_3,9380049,90763697,No Intervention,solid
2020-05-14,mod_4,20843,146832,Moderate return,solid
2020-05-14,mod_5,28329,182095,Normal (pre-intervention),solid
2020-05-14,mod_6,18329,132922,Cautious return,solid
2020-05-15,mod_2,477065,3180604,Soc. Dist. + Travel Ban,solid
2020-05-15,mod_3,10038046,93222582,No Intervention,solid
2020-05-15,mod_4,22659,156308,Moderate return,solid
2020-05-15,mod_5,33156,201146,Normal (pre-intervention),solid
2020-05-15,mod_6,19305,137868,Cautious return,solid
2020-05-16,mod_2,529698,3680947,Soc. Dist. + Travel Ban,solid
2020-05-16,mod_3,10698392,95342458,No Intervention,solid
2020-05-16,mod_4,24876,166662,Moderate return,solid
2020-05-16,mod_5,39610,226264,Normal (pre-intervention),solid
2020-05-16,mod_6,20438,144425,Cautious return,solid
2020-05-17,mod_2,585597,4274840,Soc. Dist. + Travel Ban,solid
2020-05-17,mod_3,11358796,97205733,No Intervention,solid
2020-05-17,mod_4,27614,178580,Moderate return,solid
2020-05-17,mod_5,48261,257493,Normal (pre-intervention),solid
2020-05-17,mod_6,21749,149944,Cautious return,solid
2020-05-18,mod_2,644618,4897153,Soc. Dist. + Travel Ban,solid
2020-05-18,mod_3,12017602,98736477,No Intervention,solid
2020-05-18,mod_4,30989,191809,Moderate return,solid
2020-05-18,mod_5,59799,300191,Normal (pre-intervention),solid
2020-05-18,mod_6,23253,157515,Cautious return,solid
2020-05-19,mod_2,706812,5656549,Soc. Dist. + Travel Ban,solid
2020-05-19,mod_3,12673342,100113312,No Intervention,solid
2020-05-19,mod_4,35150,208587,Moderate return,solid
2020-05-19,mod_5,75022,353299,Normal (pre-intervention),solid
2020-05-19,mod_6,24992,165432,Cautious return,solid
2020-05-20,mod_2,772024,6445581,Soc. Dist. + Travel Ban,solid
2020-05-20,mod_3,13324307,101384750,No Intervention,solid
2020-05-20,mod_4,40255,225022,Moderate return,solid
2020-05-20,mod_5,94918,421696,Normal (pre-intervention),solid
2020-05-20,mod_6,26988,174054,Cautious return,solid
2020-05-21,mod_2,840241,7296820,Soc. Dist. + Travel Ban,solid
2020-05-21,mod_3,13969295,102480210,No Intervention,solid
2020-05-21,mod_4,46397,247400,Moderate return,solid
2020-05-21,mod_5,119802,507268,Normal (pre-intervention),solid
2020-05-21,mod_6,29278,182341,Cautious return,solid
2020-05-22,mod_2,911294,8293348,Soc. Dist. + Travel Ban,solid
2020-05-22,mod_3,14607359,103395183,No Intervention,solid
2020-05-22,mod_4,53690,270510,Moderate return,solid
2020-05-22,mod_5,150299,619775,Normal (pre-intervention),solid
2020-05-22,mod_6,31879,193029,Cautious return,solid
2020-05-23,mod_2,985156,9368864,Soc. Dist. + Travel Ban,solid
2020-05-23,mod_3,15237295,104217847,No Intervention,solid
2020-05-23,mod_4,62251,301616,Moderate return,solid
2020-05-23,mod_5,186979,771368,Normal (pre-intervention),solid
2020-05-23,mod_6,34782,203595,Cautious return,solid
2020-05-24,mod_2,1061807,10561151,Soc. Dist. + Travel Ban,solid
2020-05-24,mod_3,15858301,105062406,No Intervention,solid
2020-05-24,mod_4,72260,333308,Moderate return,solid
2020-05-24,mod_5,230213,954981,Normal (pre-intervention),solid
2020-05-24,mod_6,38062,215639,Cautious return,solid
2020-05-25,mod_2,1141035,11805432,Soc. Dist. + Travel Ban,solid
2020-05-25,mod_3,16470038,105760045,No Intervention,solid
2020-05-25,mod_4,83807,369358,Moderate return,solid
2020-05-25,mod_5,280301,1191367,Normal (pre-intervention),solid
2020-05-25,mod_6,41721,227765,Cautious return,solid
2020-05-26,mod_2,1222683,13109638,Soc. Dist. + Travel Ban,solid
2020-05-26,mod_3,17071374,106366518,No Intervention,solid
2020-05-26,mod_4,97078,412666,Moderate return,solid
2020-05-26,mod_5,337477,1498979,Normal (pre-intervention),solid
2020-05-26,mod_6,45835,241163,Cautious return,solid
2020-05-27,mod_2,1306784,14532802,Soc. Dist. + Travel Ban,solid
2020-05-27,mod_3,17661990,106932320,No Intervention,solid
2020-05-27,mod_4,112116,466266,Moderate return,solid
2020-05-27,mod_5,401806,1890510,Normal (pre-intervention),solid
2020-05-27,mod_6,50388,257021,Cautious return,solid
2020-05-28,mod_2,1393099,16030995,Soc. Dist. + Travel Ban,solid
2020-05-28,mod_3,18241752,107385220,No Intervention,solid
2020-05-28,mod_4,129074,521455,Moderate return,solid
2020-05-28,mod_5,473326,2392042,Normal (pre-intervention),solid
2020-05-28,mod_6,55404,272251,Cautious return,solid
2020-05-29,mod_2,1481541,17616268,Soc. Dist. + Travel Ban,solid
2020-05-29,mod_3,18809894,107761460,No Intervention,solid
2020-05-29,mod_4,148044,586803,Moderate return,solid
2020-05-29,mod_5,551876,3021518,Normal (pre-intervention),solid
2020-05-29,mod_6,60943,290570,Cautious return,solid
2020-05-30,mod_2,1571911,19337539,Soc. Dist. + Travel Ban,solid
2020-05-30,mod_3,19366391,108133651,No Intervention,solid
2020-05-30,mod_4,169101,665782,Moderate return,solid
2020-05-30,mod_5,637367,3801794,Normal (pre-intervention),solid
2020-05-30,mod_6,67047,310655,Cautious return,solid
2020-05-31,mod_2,1664126,21077903,Soc. Dist. + Travel Ban,solid
2020-05-31,mod_3,19911217,108421435,No Intervention,solid
2020-05-31,mod_4,192269,754186,Moderate return,solid
2020-05-31,mod_5,729546,4774938,Normal (pre-intervention),solid
2020-05-31,mod_6,73754,332510,Cautious return,solid
2020-06-01,mod_2,1758050,22848386,Soc. Dist. + Travel Ban,solid
2020-06-01,mod_3,20443982,108674144,No Intervention,solid
2020-06-01,mod_4,217632,850580,Moderate return,solid
2020-06-01,mod_5,828030,5963752,Normal (pre-intervention),solid
2020-06-01,mod_6,81037,357135,Cautious return,solid
2020-06-02,mod_2,1853668,24658490,Soc. Dist. + Travel Ban,solid
2020-06-02,mod_3,20964468,108937325,No Intervention,solid
2020-06-02,mod_4,245226,967778,Moderate return,solid
2020-06-02,mod_5,932504,7401061,Normal (pre-intervention),solid
2020-06-02,mod_6,88955,380530,Cautious return,solid
2020-06-03,mod_2,1950652,26508726,Soc. Dist. + Travel Ban,solid
2020-06-03,mod_3,21472973,109184085,No Intervention,solid
2020-06-03,mod_4,275087,1101425,Moderate return,solid
2020-06-03,mod_5,1042644,9156107,Normal (pre-intervention),solid
2020-06-03,mod_6,97547,406456,Cautious return,solid
2020-06-04,mod_2,2049030,28469501,Soc. Dist. + Travel Ban,solid
2020-06-04,mod_3,21969070,109332059,No Intervention,solid
2020-06-04,mod_4,307117,1254391,Moderate return,solid
2020-06-04,mod_5,1157887,11092697,Normal (pre-intervention),solid
2020-06-04,mod_6,106824,438776,Cautious return,solid
2020-06-05,mod_2,2148568,30453545,Soc. Dist. + Travel Ban,solid
2020-06-05,mod_3,22453265,109522163,No Intervention,solid
2020-06-05,mod_4,341413,1442806,Moderate return,solid
2020-06-05,mod_5,1277892,13293054,Normal (pre-intervention),solid
2020-06-05,mod_6,116746,473113,Cautious return,solid
2020-06-06,mod_2,2249157,32346343,Soc. Dist. + Travel Ban,solid
2020-06-06,mod_3,22925306,109618067,No Intervention,solid
2020-06-06,mod_4,377924,1627637,Moderate return,solid
2020-06-06,mod_5,1402158,15673644,Normal (pre-intervention),solid
2020-06-06,mod_6,127389,505839,Cautious return,solid
2020-06-07,mod_2,2350673,34300121,Soc. Dist. + Travel Ban,solid
2020-06-07,mod_3,23385309,109737936,No Intervention,solid
2020-06-07,mod_4,416649,1875485,Moderate return,solid
2020-06-07,mod_5,1530156,18249036,Normal (pre-intervention),solid
2020-06-07,mod_6,138801,547142,Cautious return,solid
2020-06-08,mod_2,2453103,36144096,Soc. Dist. + Travel Ban,solid
2020-06-08,mod_3,23833624,109876637,No Intervention,solid
2020-06-08,mod_4,457471,2142663,Moderate return,solid
2020-06-08,mod_5,1661304,20956973,Normal (pre-intervention),solid
2020-06-08,mod_6,150954,589857,Cautious return,solid
2020-06-09,mod_2,2556222,38040472,Soc. Dist. + Travel Ban,solid
2020-06-09,mod_3,24270270,109929951,No Intervention,solid
2020-06-09,mod_4,500382,2451226,Moderate return,solid
2020-06-09,mod_5,1795224,23774605,Normal (pre-intervention),solid
2020-06-09,mod_6,163857,634215,Cautious return,solid
2020-06-10,mod_2,2659917,39817569,Soc. Dist. + Travel Ban,solid
2020-06-10,mod_3,24695769,109935918,No Intervention,solid
2020-06-10,mod_4,545346,2791556,Moderate return,solid
2020-06-10,mod_5,1931336,26813920,Normal (pre-intervention),solid
2020-06-10,mod_6,177509,680006,Cautious return,solid
2020-06-11,mod_2,2764017,41474364,Soc. Dist. + Travel Ban,solid
2020-06-11,mod_3,25109605,110026243,No Intervention,solid
2020-06-11,mod_4,592221,3203879,Moderate return,solid
2020-06-11,mod_5,2069081,29963261,Normal (pre-intervention),solid
2020-06-11,mod_6,191921,736623,Cautious return,solid
2020-06-12,mod_2,2868629,43143582,Soc. Dist. + Travel Ban,solid
2020-06-12,mod_3,25512564,110043356,No Intervention,solid
2020-06-12,mod_4,641017,3633033,Moderate return,solid
2020-06-12,mod_5,2208044,33124556,Normal (pre-intervention),solid
2020-06-12,mod_6,207117,799010,Cautious return,solid
2020-06-13,mod_2,2973586,44704287,Soc. Dist. + Travel Ban,solid
2020-06-13,mod_3,25904594,110047414,No Intervention,solid
2020-06-13,mod_4,691471,4149386,Moderate return,solid
2020-06-13,mod_5,2347722,36499457,Normal (pre-intervention),solid
2020-06-13,mod_6,223071,861633,Cautious return,solid
2020-06-14,mod_2,3078708,46142777,Soc. Dist. + Travel Ban,solid
2020-06-14,mod_3,26285645,110063145,No Intervention,solid
2020-06-14,mod_4,743550,4731531,Moderate return,solid
2020-06-14,mod_5,2487690,39791153,Normal (pre-intervention),solid
2020-06-14,mod_6,239819,930477,Cautious return,solid
2020-06-15,mod_2,3184027,47583788,Soc. Dist. + Travel Ban,solid
2020-06-15,mod_3,26656380,110019901,No Intervention,solid
2020-06-15,mod_4,797186,5339646,Moderate return,solid
2020-06-15,mod_5,2627814,43100120,Normal (pre-intervention),solid
2020-06-15,mod_6,257321,1003535,Cautious return,solid
2020-06-16,mod_2,3289362,48907040,Soc. Dist. + Travel Ban,solid
2020-06-16,mod_3,27017024,110018128,No Intervention,solid
2020-06-16,mod_4,852259,6039323,Moderate return,solid
2020-06-16,mod_5,2767482,46363422,Normal (pre-intervention),solid
2020-06-16,mod_6,275564,1090547,Cautious return,solid
2020-06-17,mod_2,3394702,50085601,Soc. Dist. + Travel Ban,solid
2020-06-17,mod_3,27367563,109972864,No Intervention,solid
2020-06-17,mod_4,908517,6834315,Moderate return,solid
2020-06-17,mod_5,2906611,49537688,Normal (pre-intervention),solid
2020-06-17,mod_6,294515,1171178,Cautious return,solid
2020-06-18,mod_2,3499867,51194708,Soc. Dist. + Travel Ban,solid
2020-06-18,mod_3,27708604,109868224,No Intervention,solid
2020-06-18,mod_4,965971,7684602,Moderate return,solid
2020-06-18,mod_5,3044790,52796298,Normal (pre-intervention),solid
2020-06-18,mod_6,314214,1279600,Cautious return,solid
2020-06-19,mod_2,3604862,52199169,Soc. Dist. + Travel Ban,solid
2020-06-19,mod_3,28039934,109860787,No Intervention,solid
2020-06-19,mod_4,1024434,8640590,Moderate return,solid
2020-06-19,mod_5,3181866,55813318,Normal (pre-intervention),solid
2020-06-19,mod_6,334540,1382917,Cautious return,solid
2020-06-20,mod_2,3709702,53259183,Soc. Dist. + Travel Ban,solid
2020-06-20,mod_3,28362116,109856308,No Intervention,solid
2020-06-20,mod_4,1083872,9610129,Moderate return,solid
2020-06-20,mod_5,3317585,58663811,Normal (pre-intervention),solid
2020-06-20,mod_6,355584,1490705,Cautious return,solid
2020-06-21,mod_2,3814208,54232509,Soc. Dist. + Travel Ban,solid
2020-06-21,mod_3,28674949,109833834,No Intervention,solid
2020-06-21,mod_4,1144124,10635250,Moderate return,solid
2020-06-21,mod_5,3451742,61287433,Normal (pre-intervention),solid
2020-06-21,mod_6,377288,1617437,Cautious return,solid
2020-06-22,mod_2,3918438,55114666,Soc. Dist. + Travel Ban,solid
2020-06-22,mod_3,28979092,109791566,No Intervention,solid
2020-06-22,mod_4,1205202,11692397,Moderate return,solid
2020-06-22,mod_5,3584179,63619632,Normal (pre-intervention),solid
2020-06-22,mod_6,399613,1750719,Cautious return,solid
2020-06-23,mod_2,4022190,55977023,Soc. Dist. + Travel Ban,solid
2020-06-23,mod_3,29274753,109678755,No Intervention,solid
2020-06-23,mod_4,1266944,12903782,Moderate return,solid
2020-06-23,mod_5,3714701,65878027,Normal (pre-intervention),solid
2020-06-23,mod_6,422624,1892683,Cautious return,solid
2020-06-24,mod_2,4125640,56705010,Soc. Dist. + Travel Ban,solid
2020-06-24,mod_3,29562043,109615058,No Intervention,solid
2020-06-24,mod_4,1329296,14184016,Moderate return,solid
2020-06-24,mod_5,3843258,67876957,Normal (pre-intervention),solid
2020-06-24,mod_6,446174,2045928,Cautious return,solid
2020-06-25,mod_2,4228528,57468502,Soc. Dist. + Travel Ban,solid
2020-06-25,mod_3,29841473,109537258,No Intervention,solid
2020-06-25,mod_4,1392109,15483151,Moderate return,solid
2020-06-25,mod_5,3969848,69652720,Normal (pre-intervention),solid
2020-06-25,mod_6,470335,2205856,Cautious return,solid
2020-06-26,mod_2,4331058,58199003,Soc. Dist. + Travel Ban,solid
2020-06-26,mod_3,30112997,109425338,No Intervention,solid
2020-06-26,mod_4,1455299,16884908,Moderate return,solid
2020-06-26,mod_5,4094192,71404928,Normal (pre-intervention),solid
2020-06-26,mod_6,495034,2380521,Cautious return,solid
2020-06-27,mod_2,4432814,58776448,Soc. Dist. + Travel Ban,solid
2020-06-27,mod_3,30376615,109358893,No Intervention,solid
2020-06-27,mod_4,1518848,18306813,Moderate return,solid
2020-06-27,mod_5,4216198,72897490,Normal (pre-intervention),solid
2020-06-27,mod_6,520280,2578799,Cautious return,solid
2020-06-28,mod_2,4534075,59334272,Soc. Dist. + Travel Ban,solid
2020-06-28,mod_3,30632870,109247909,No Intervention,solid
2020-06-28,mod_4,1582652,19907448,Moderate return,solid
2020-06-28,mod_5,4336041,74210155,Normal (pre-intervention),solid
2020-06-28,mod_6,546068,2796637,Cautious return,solid
2020-06-29,mod_2,4634664,59835730,Soc. Dist. + Travel Ban,solid
2020-06-29,mod_3,30882020,109112032,No Intervention,solid
2020-06-29,mod_4,1646636,21481472,Moderate return,solid
2020-06-29,mod_5,4453527,75330441,Normal (pre-intervention),solid
2020-06-29,mod_6,572352,3025267,Cautious return,solid
2020-06-30,mod_2,4734765,60391679,Soc. Dist. + Travel Ban,solid
2020-06-30,mod_3,31124069,108999258,No Intervention,solid
2020-06-30,mod_4,1710845,23101975,Moderate return,solid
2020-06-30,mod_5,4568735,76337463,Normal (pre-intervention),solid
2020-06-30,mod_6,599023,3258563,Cautious return,solid
2020-07-01,mod_2,4833938,60910327,Soc. Dist. + Travel Ban,solid
2020-07-01,mod_3,31359354,108862215,No Intervention,solid
2020-07-01,mod_4,1774980,24793689,Moderate return,solid
2020-07-01,mod_5,4681643,77248914,Normal (pre-intervention),solid
2020-07-01,mod_6,626104,3506828,Cautious return,solid
2020-07-02,mod_2,4932498,61398092,Soc. Dist. + Travel Ban,solid
2020-07-02,mod_3,31587765,108729911,No Intervention,solid
2020-07-02,mod_4,1839062,26538973,Moderate return,solid
2020-07-02,mod_5,4792149,77992395,Normal (pre-intervention),solid
2020-07-02,mod_6,653577,3784625,Cautious return,solid
2020-07-03,mod_2,5030257,61862686,Soc. Dist. + Travel Ban,solid
2020-07-03,mod_3,31810097,108648637,No Intervention,solid
2020-07-03,mod_4,1903090,28295280,Moderate return,solid
2020-07-03,mod_5,4900396,78670458,Normal (pre-intervention),solid
2020-07-03,mod_6,681430,4092032,Cautious return,solid
2020-07-04,mod_2,5127262,62276642,Soc. Dist. + Travel Ban,solid
2020-07-04,mod_3,32025759,108593093,No Intervention,solid
2020-07-04,mod_4,1967030,30126328,Moderate return,solid
2020-07-04,mod_5,5006355,79251014,Normal (pre-intervention),solid
2020-07-04,mod_6,709649,4392087,Cautious return,solid
2020-07-05,mod_2,5223542,62610990,Soc. Dist. + Travel Ban,solid
2020-07-05,mod_3,32235655,108480932,No Intervention,solid
2020-07-05,mod_4,2030820,31979271,Moderate return,solid
2020-07-05,mod_5,5109980,79766898,Normal (pre-intervention),solid
2020-07-05,mod_6,738181,4715060,Cautious return,solid
2020-07-06,mod_2,5319088,63018039,Soc. Dist. + Travel Ban,solid
2020-07-06,mod_3,32439185,108332919,No Intervention,solid
2020-07-06,mod_4,2094345,33834142,Moderate return,solid
2020-07-06,mod_5,5211286,80245262,Normal (pre-intervention),solid
2020-07-06,mod_6,766941,5046963,Cautious return,solid
2020-07-07,mod_2,5413703,63413392,Soc. Dist. + Travel Ban,solid
2020-07-07,mod_3,32637519,108245666,No Intervention,solid
2020-07-07,mod_4,2157551,35685684,Moderate return,solid
2020-07-07,mod_5,5310473,80629145,Normal (pre-intervention),solid
2020-07-07,mod_6,796010,5409191,Cautious return,solid
2020-07-08,mod_2,5507499,63651446,Soc. Dist. + Travel Ban,solid
2020-07-08,mod_3,32830306,108128322,No Intervention,solid
2020-07-08,mod_4,2220532,37429207,Moderate return,solid
2020-07-08,mod_5,5407522,81051736,Normal (pre-intervention),solid
2020-07-08,mod_6,825241,5817818,Cautious return,solid
2020-07-09,mod_2,5600488,64002386,Soc. Dist. + Travel Ban,solid
2020-07-09,mod_3,33017362,107987914,No Intervention,solid
2020-07-09,mod_4,2283055,39199406,Moderate return,solid
2020-07-09,mod_5,5502529,81399528,Normal (pre-intervention),solid
2020-07-09,mod_6,854792,6218323,Cautious return,solid
2020-07-10,mod_2,5692486,64245149,Soc. Dist. + Travel Ban,solid
2020-07-10,mod_3,33199283,107893773,No Intervention,solid
2020-07-10,mod_4,2345067,40927747,Moderate return,solid
2020-07-10,mod_5,5595524,81680767,Normal (pre-intervention),solid
2020-07-10,mod_6,884537,6631603,Cautious return,solid
2020-07-11,mod_2,5783605,64517241,Soc. Dist. + Travel Ban,solid
2020-07-11,mod_3,33375876,107729824,No Intervention,solid
2020-07-11,mod_4,2406713,42634346,Moderate return,solid
2020-07-11,mod_5,5686417,82003164,Normal (pre-intervention),solid
2020-07-11,mod_6,914502,7135423,Cautious return,solid
2020-07-12,mod_2,5873800,64805090,Soc. Dist. + Travel Ban,solid
2020-07-12,mod_3,33547729,107602748,No Intervention,solid
2020-07-12,mod_4,2467983,44382495,Moderate return,solid
2020-07-12,mod_5,5775342,82164561,Normal (pre-intervention),solid
2020-07-12,mod_6,944576,7571519,Cautious return,solid
2020-07-13,mod_2,5963007,65129801,Soc. Dist. + Travel Ban,solid
2020-07-13,mod_3,33714723,107469076,No Intervention,solid
2020-07-13,mod_4,2528621,46120729,Moderate return,solid
2020-07-13,mod_5,5862496,82318082,Normal (pre-intervention),solid
2020-07-13,mod_6,974770,8065946,Cautious return,solid
2020-07-14,mod_2,6051423,65291837,Soc. Dist. + Travel Ban,solid
2020-07-14,mod_3,33877210,107304658,No Intervention,solid
2020-07-14,mod_4,2588700,47550668,Moderate return,solid
2020-07-14,mod_5,5947561,82504709,Normal (pre-intervention),solid
2020-07-14,mod_6,1005031,8526291,Cautious return,solid
2020-07-15,mod_2,6138863,65506596,Soc. Dist. + Travel Ban,solid
2020-07-15,mod_3,34035041,107239424,No Intervention,solid
2020-07-15,mod_4,2648277,48997792,Moderate return,solid
2020-07-15,mod_5,6030935,82678759,Normal (pre-intervention),solid
2020-07-15,mod_6,1035520,9104046,Cautious return,solid
2020-07-16,mod_2,6225400,65743396,Soc. Dist. + Travel Ban,solid
2020-07-16,mod_3,34188627,107086463,No Intervention,solid
2020-07-16,mod_4,2707260,50519598,Moderate return,solid
2020-07-16,mod_5,6112581,82780820,Normal (pre-intervention),solid
2020-07-16,mod_6,1066017,9604161,Cautious return,solid
2020-07-17,mod_2,6310952,65925746,Soc. Dist. + Travel Ban,solid
2020-07-17,mod_3,34337763,106932887,No Intervention,solid
2020-07-17,mod_4,2765595,51676074,Moderate return,solid
2020-07-17,mod_5,6192310,82940383,Normal (pre-intervention),solid
2020-07-17,mod_6,1096544,10243032,Cautious return,solid
2020-07-18,mod_2,6395528,66067502,Soc. Dist. + Travel Ban,solid
2020-07-18,mod_3,34482995,106820523,No Intervention,solid
2020-07-18,mod_4,2823283,52958831,Moderate return,solid
2020-07-18,mod_5,6270188,83057584,Normal (pre-intervention),solid
2020-07-18,mod_6,1127090,10870521,Cautious return,solid
2020-07-19,mod_2,6479072,66272665,Soc. Dist. + Travel Ban,solid
2020-07-19,mod_3,34624020,106667905,No Intervention,solid
2020-07-19,mod_4,2880409,54112495,Moderate return,solid
2020-07-19,mod_5,6346396,83136306,Normal (pre-intervention),solid
2020-07-19,mod_6,1157674,11558035,Cautious return,solid
2020-07-20,mod_2,6561686,66420957,Soc. Dist. + Travel Ban,solid
2020-07-20,mod_3,34761284,106512474,No Intervention,solid
2020-07-20,mod_4,2936996,55291241,Moderate return,solid
2020-07-20,mod_5,6420838,83224447,Normal (pre-intervention),solid
2020-07-20,mod_6,1188225,12179279,Cautious return,solid
2020-07-21,mod_2,6643253,66563171,Soc. Dist. + Travel Ban,solid
2020-07-21,mod_3,34894778,106364040,No Intervention,solid
2020-07-21,mod_4,2992926,56325497,Moderate return,solid
2020-07-21,mod_5,6493753,83289412,Normal (pre-intervention),solid
2020-07-21,mod_6,1218754,12938070,Cautious return,solid
2020-07-22,mod_2,6723915,66728379,Soc. Dist. + Travel Ban,solid
2020-07-22,mod_3,35024711,106222918,No Intervention,solid
2020-07-22,mod_4,3048157,57184695,Moderate return,solid
2020-07-22,mod_5,6564956,83281898,Normal (pre-intervention),solid
2020-07-22,mod_6,1249232,13647522,Cautious return,solid
2020-07-23,mod_2,6803613,66855686,Soc. Dist. + Travel Ban,solid
2020-07-23,mod_3,35151217,106094071,No Intervention,solid
2020-07-23,mod_4,3102741,58054304,Moderate return,solid
2020-07-23,mod_5,6634584,83306807,Normal (pre-intervention),solid
2020-07-23,mod_6,1279687,14413683,Cautious return,solid
2020-07-24,mod_2,6882364,67016980,Soc. Dist. + Travel Ban,solid
2020-07-24,mod_3,35273877,105897018,No Intervention,solid
2020-07-24,mod_4,3156582,58889348,Moderate return,solid
2020-07-24,mod_5,6702481,83301858,Normal (pre-intervention),solid
2020-07-24,mod_6,1309984,15092342,Cautious return,solid
2020-07-25,mod_2,6960236,67136453,Soc. Dist. + Travel Ban,solid
2020-07-25,mod_3,35393631,105795068,No Intervention,solid
2020-07-25,mod_4,3209826,59537365,Moderate return,solid
2020-07-25,mod_5,6768833,83326210,Normal (pre-intervention),solid
2020-07-25,mod_6,1340253,15961416,Cautious return,solid
2020-07-26,mod_2,7036982,67261218,Soc. Dist. + Travel Ban,solid
2020-07-26,mod_3,35509596,105658168,No Intervention,solid
2020-07-26,mod_4,3262377,60224703,Moderate return,solid
2020-07-26,mod_5,6833678,83307197,Normal (pre-intervention),solid
2020-07-26,mod_6,1370479,16752163,Cautious return,solid
2020-07-27,mod_2,7112720,67364770,Soc. Dist. + Travel Ban,solid
2020-07-27,mod_3,35622912,105486999,No Intervention,solid
2020-07-27,mod_4,3314202,60854566,Moderate return,solid
2020-07-27,mod_5,6896982,83298074,Normal (pre-intervention),solid
2020-07-27,mod_6,1400602,17564893,Cautious return,solid
2020-07-28,mod_2,7187746,67479962,Soc. Dist. + Travel Ban,solid
2020-07-28,mod_3,35732981,105346483,No Intervention,solid
2020-07-28,mod_4,3365257,61481309,Moderate return,solid
2020-07-28,mod_5,6958779,83302980,Normal (pre-intervention),solid
2020-07-28,mod_6,1430549,18412445,Cautious return,solid
2020-07-29,mod_2,7261566,67560533,Soc. Dist. + Travel Ban,solid
2020-07-29,mod_3,35840373,105197970,No Intervention,solid
2020-07-29,mod_4,3415736,62020276,Moderate return,solid
2020-07-29,mod_5,7019172,83340279,Normal (pre-intervention),solid
2020-07-29,mod_6,1460389,19302009,Cautious return,solid
2020-07-30,mod_2,7334399,67614223,Soc. Dist. + Travel Ban,solid
2020-07-30,mod_3,35944720,105078807,No Intervention,solid
2020-07-30,mod_4,3465459,62532474,Moderate return,solid
2020-07-30,mod_5,7078139,83289960,Normal (pre-intervention),solid
2020-07-30,mod_6,1490000,20206154,Cautious return,solid
2020-07-31,mod_2,7406490,67720418,Soc. Dist. + Travel Ban,solid
2020-07-31,mod_3,36046247,104942350,No Intervention,solid
2020-07-31,mod_4,3514530,62984519,Moderate return,solid
2020-07-31,mod_5,7135692,83296399,Normal (pre-intervention),solid
2020-07-31,mod_6,1519528,21085298,Cautious return,solid
2020-08-01,mod_2,7477416,67769813,Soc. Dist. + Travel Ban,solid
2020-08-01,mod_3,36145011,104831407,No Intervention,solid
2020-08-01,mod_4,3562898,63397392,Moderate return,solid
2020-08-01,mod_5,7191923,83254295,Normal (pre-intervention),solid
2020-08-01,mod_6,1548957,21974859,Cautious return,solid
2020-08-02,mod_2,7547418,67859765,Soc. Dist. + Travel Ban,solid
2020-08-02,mod_3,36241239,104662466,No Intervention,solid
2020-08-02,mod_4,3610541,63869194,Moderate return,solid
2020-08-02,mod_5,7246718,83244905,Normal (pre-intervention),solid
2020-08-02,mod_6,1578071,23027833,Cautious return,solid
2020-08-03,mod_2,7616489,67963899,Soc. Dist. + Travel Ban,solid
2020-08-03,mod_3,36335115,104522030,No Intervention,solid
2020-08-03,mod_4,3657484,64170088,Moderate return,solid
2020-08-03,mod_5,7300410,83225654,Normal (pre-intervention),solid
2020-08-03,mod_6,1607005,23921782,Cautious return,solid
2020-08-04,mod_2,7684698,68064926,Soc. Dist. + Travel Ban,solid
2020-08-04,mod_3,36426285,104392374,No Intervention,solid
2020-08-04,mod_4,3703885,64531982,Moderate return,solid
2020-08-04,mod_5,7352724,83213878,Normal (pre-intervention),solid
2020-08-04,mod_6,1635783,24894647,Cautious return,solid
2020-08-05,mod_2,7752214,68141496,Soc. Dist. + Travel Ban,solid
2020-08-05,mod_3,36515342,104249315,No Intervention,solid
2020-08-05,mod_4,3749534,64867280,Moderate return,solid
2020-08-05,mod_5,7403817,83174796,Normal (pre-intervention),solid
2020-08-05,mod_6,1664342,25822820,Cautious return,solid
2020-08-06,mod_2,7818476,68182632,Soc. Dist. + Travel Ban,solid
2020-08-06,mod_3,36601863,104096466,No Intervention,solid
2020-08-06,mod_4,3794339,65237173,Moderate return,solid
2020-08-06,mod_5,7453776,83135069,Normal (pre-intervention),solid
2020-08-06,mod_6,1692685,26819223,Cautious return,solid
2020-08-07,mod_2,7883943,68261847,Soc. Dist. + Travel Ban,solid
2020-08-07,mod_3,36686219,103914640,No Intervention,solid
2020-08-07,mod_4,3838543,65509567,Moderate return,solid
2020-08-07,mod_5,7502664,83081025,Normal (pre-intervention),solid
2020-08-07,mod_6,1720777,27907742,Cautious return,solid
2020-08-08,mod_2,7948387,68322744,Soc. Dist. + Travel Ban,solid
2020-08-08,mod_3,36768726,103807222,No Intervention,solid
2020-08-08,mod_4,3882147,65776462,Moderate return,solid
2020-08-08,mod_5,7550319,83055387,Normal (pre-intervention),solid
2020-08-08,mod_6,1748738,28813994,Cautious return,solid
2020-08-09,mod_2,8012076,68365019,Soc. Dist. + Travel Ban,solid
2020-08-09,mod_3,36849141,103670642,No Intervention,solid
2020-08-09,mod_4,3924943,66087496,Moderate return,solid
2020-08-09,mod_5,7596977,83047477,Normal (pre-intervention),solid
2020-08-09,mod_6,1776435,29698326,Cautious return,solid
2020-08-10,mod_2,8074741,68397378,Soc. Dist. + Travel Ban,solid
2020-08-10,mod_3,36927406,103566487,No Intervention,solid
2020-08-10,mod_4,3967207,66316483,Moderate return,solid
2020-08-10,mod_5,7642453,82918552,Normal (pre-intervention),solid
2020-08-10,mod_6,1803911,30734634,Cautious return,solid
2020-08-11,mod_2,8136758,68471392,Soc. Dist. + Travel Ban,solid
2020-08-11,mod_3,37003786,103443742,No Intervention,solid
2020-08-11,mod_4,4008665,66519167,Moderate return,solid
2020-08-11,mod_5,7687013,82862457,Normal (pre-intervention),solid
2020-08-11,mod_6,1831165,31600389,Cautious return,solid
2020-08-12,mod_2,8197761,68507682,Soc. Dist. + Travel Ban,solid
2020-08-12,mod_3,37077855,103276849,No Intervention,solid
2020-08-12,mod_4,4049366,66710125,Moderate return,solid
2020-08-12,mod_5,7730498,82830854,Normal (pre-intervention),solid
2020-08-12,mod_6,1858192,32512170,Cautious return,solid
2020-08-13,mod_2,8258100,68516416,Soc. Dist. + Travel Ban,solid
2020-08-13,mod_3,37150482,103163376,No Intervention,solid
2020-08-13,mod_4,4089520,66905826,Moderate return,solid
2020-08-13,mod_5,7772957,82706371,Normal (pre-intervention),solid
2020-08-13,mod_6,1884895,33411650,Cautious return,solid
2020-08-14,mod_2,8317426,68553637,Soc. Dist. + Travel Ban,solid
2020-08-14,mod_3,37220948,103022207,No Intervention,solid
2020-08-14,mod_4,4129042,67050506,Moderate return,solid
2020-08-14,mod_5,7814452,82639362,Normal (pre-intervention),solid
2020-08-14,mod_6,1911488,34338841,Cautious return,solid
2020-08-15,mod_2,8376168,68622975,Soc. Dist. + Travel Ban,solid
2020-08-15,mod_3,37289928,102905593,No Intervention,solid
2020-08-15,mod_4,4167941,67208377,Moderate return,solid
2020-08-15,mod_5,7854964,82579974,Normal (pre-intervention),solid
2020-08-15,mod_6,1937856,35090894,Cautious return,solid
2020-08-16,mod_2,8434032,68685134,Soc. Dist. + Travel Ban,solid
2020-08-16,mod_3,37357082,102768684,No Intervention,solid
2020-08-16,mod_4,4206224,67436731,Moderate return,solid
2020-08-16,mod_5,7894673,82514715,Normal (pre-intervention),solid
2020-08-16,mod_6,1963929,35830874,Cautious return,solid
2020-08-17,mod_2,8490852,68723086,Soc. Dist. + Travel Ban,solid
2020-08-17,mod_3,37422686,102635552,No Intervention,solid
2020-08-17,mod_4,4243919,67582624,Moderate return,solid
2020-08-17,mod_5,7933402,82445832,Normal (pre-intervention),solid
2020-08-17,mod_6,1989753,36623417,Cautious return,solid
2020-08-18,mod_2,8546952,68711325,Soc. Dist. + Travel Ban,solid
2020-08-18,mod_3,37486911,102495893,No Intervention,solid
2020-08-18,mod_4,4280966,67769101,Moderate return,solid
2020-08-18,mod_5,7971248,82389368,Normal (pre-intervention),solid
2020-08-18,mod_6,2015278,37326759,Cautious return,solid
2020-08-19,mod_2,8602207,68719989,Soc. Dist. + Travel Ban,solid
2020-08-19,mod_3,37549026,102391114,No Intervention,solid
2020-08-19,mod_4,4317494,67938915,Moderate return,solid
2020-08-19,mod_5,8008240,82317304,Normal (pre-intervention),solid
2020-08-19,mod_6,2040614,38021991,Cautious return,solid
2020-08-20,mod_2,8656743,68763700,Soc. Dist. + Travel Ban,solid
2020-08-20,mod_3,37609957,102283078,No Intervention,solid
2020-08-20,mod_4,4353265,68076525,Moderate return,solid
2020-08-20,mod_5,8044487,82292547,Normal (pre-intervention),solid
2020-08-20,mod_6,2065676,38700847,Cautious return,solid
2020-08-21,mod_2,8710598,68830512,Soc. Dist. + Travel Ban,solid
2020-08-21,mod_3,37669337,102137814,No Intervention,solid
2020-08-21,mod_4,4388490,68166730,Moderate return,solid
2020-08-21,mod_5,8079989,82227668,Normal (pre-intervention),solid
2020-08-21,mod_6,2090481,39448868,Cautious return,solid
2020-08-22,mod_2,8763717,68805200,Soc. Dist. + Travel Ban,solid
2020-08-22,mod_3,37727240,102006600,No Intervention,solid
2020-08-22,mod_4,4423132,68293121,Moderate return,solid
2020-08-22,mod_5,8114741,82132434,Normal (pre-intervention),solid
2020-08-22,mod_6,2115027,40231379,Cautious return,solid
2020-08-23,mod_2,8816006,68795715,Soc. Dist. + Travel Ban,solid
2020-08-23,mod_3,37783861,101939308,No Intervention,solid
2020-08-23,mod_4,4457179,68431292,Moderate return,solid
2020-08-23,mod_5,8148690,82127823,Normal (pre-intervention),solid
2020-08-23,mod_6,2139236,40831700,Cautious return,solid
2020-08-24,mod_2,8867374,68827975,Soc. Dist. + Travel Ban,solid
2020-08-24,mod_3,37839085,101796148,No Intervention,solid
2020-08-24,mod_4,4490595,68461411,Moderate return,solid
2020-08-24,mod_5,8181750,82037279,Normal (pre-intervention),solid
2020-08-24,mod_6,2163229,41508880,Cautious return,solid
2020-08-25,mod_2,8918197,68880091,Soc. Dist. + Travel Ban,solid
2020-08-25,mod_3,37893161,101687520,No Intervention,solid
2020-08-25,mod_4,4523580,68585080,Moderate return,solid
2020-08-25,mod_5,8214045,81962376,Normal (pre-intervention),solid
2020-08-25,mod_6,2186952,42050455,Cautious return,solid
2020-08-26,mod_2,8968183,68868517,Soc. Dist. + Travel Ban,solid
2020-08-26,mod_3,37946038,101534817,No Intervention,solid
2020-08-26,mod_4,4555850,68666181,Moderate return,solid
2020-08-26,mod_5,8245697,81916466,Normal (pre-intervention),solid
2020-08-26,mod_6,2210449,42669121,Cautious return,solid
2020-08-27,mod_2,9017501,68872234,Soc. Dist. + Travel Ban,solid
2020-08-27,mod_3,37997526,101445993,No Intervention,solid
2020-08-27,mod_4,4587710,68783241,Moderate return,solid
2020-08-27,mod_5,8276758,81823120,Normal (pre-intervention),solid
2020-08-27,mod_6,2233649,43113042,Cautious return,solid
2020-08-28,mod_2,9066163,68869665,Soc. Dist. + Travel Ban,solid
2020-08-28,mod_3,38047502,101348048,No Intervention,solid
2020-08-28,mod_4,4619017,68808943,Moderate return,solid
2020-08-28,mod_5,8307062,81752201,Normal (pre-intervention),solid
2020-08-28,mod_6,2256554,43702724,Cautious return,solid
2020-08-29,mod_2,9114154,68866243,Soc. Dist. + Travel Ban,solid
2020-08-29,mod_3,38096326,101246750,No Intervention,solid
2020-08-29,mod_4,4649902,68886243,Moderate return,solid
2020-08-29,mod_5,8336698,81667614,Normal (pre-intervention),solid
2020-08-29,mod_6,2279264,44241400,Cautious return,solid
2020-08-30,mod_2,9161528,68909453,Soc. Dist. + Travel Ban,solid
2020-08-30,mod_3,38144126,101139894,No Intervention,solid
2020-08-30,mod_4,4680207,68941292,Moderate return,solid
2020-08-30,mod_5,8365713,81630650,Normal (pre-intervention),solid
2020-08-30,mod_6,2301696,44656173,Cautious return,solid
2020-08-31,mod_2,9208071,68863799,Soc. Dist. + Travel Ban,solid
2020-08-31,mod_3,38190870,101041375,No Intervention,solid
2020-08-31,mod_4,4709953,69054479,Moderate return,solid
2020-08-31,mod_5,8394106,81505128,Normal (pre-intervention),solid
2020-08-31,mod_6,2323877,45128527,Cautious return,solid
2020-09-01,mod_2,9253891,68886344,Soc. Dist. + Travel Ban,solid
2020-09-01,mod_3,38236434,100933725,No Intervention,solid
2020-09-01,mod_4,4739276,69111045,Moderate return,solid
2020-09-01,mod_5,8421943,81490920,Normal (pre-intervention),solid
2020-09-01,mod_6,2345922,45453637,Cautious return,solid
2020-09-02,mod_2,9298979,68891208,Soc. Dist. + Travel Ban,solid
2020-09-02,mod_3,38281197,100844967,No Intervention,solid
2020-09-02,mod_4,4768042,69179253,Moderate return,solid
2020-09-02,mod_5,8449204,81370524,Normal (pre-intervention),solid
2020-09-02,mod_6,2367698,45831179,Cautious return,solid
2020-09-03,mod_2,9343597,68914950,Soc. Dist. + Travel Ban,solid
2020-09-03,mod_3,38324608,100677315,No Intervention,solid
2020-09-03,mod_4,4796489,69191105,Moderate return,solid
2020-09-03,mod_5,8475795,81309191,Normal (pre-intervention),solid
2020-09-03,mod_6,2389222,46167431,Cautious return,solid
2020-09-04,mod_2,9387510,68905811,Soc. Dist. + Travel Ban,solid
2020-09-04,mod_3,38367235,100569687,No Intervention,solid
2020-09-04,mod_4,4824408,69285568,Moderate return,solid
2020-09-04,mod_5,8501828,81197896,Normal (pre-intervention),solid
2020-09-04,mod_6,2410489,46597740,Cautious return,solid
2020-09-05,mod_2,9430932,68875859,Soc. Dist. + Travel Ban,solid
2020-09-05,mod_3,38408861,100455438,No Intervention,solid
2020-09-05,mod_4,4851914,69286255,Moderate return,solid
2020-09-05,mod_5,8527235,81128229,Normal (pre-intervention),solid
2020-09-05,mod_6,2431431,46985689,Cautious return,solid
2020-09-06,mod_2,9473735,68867222,Soc. Dist. + Travel Ban,solid
2020-09-06,mod_3,38449460,100385854,No Intervention,solid
2020-09-06,mod_4,4878841,69320555,Moderate return,solid
2020-09-06,mod_5,8552244,81040520,Normal (pre-intervention),solid
2020-09-06,mod_6,2452158,47318490,Cautious return,solid
2020-09-07,mod_2,9515813,68868964,Soc. Dist. + Travel Ban,solid
2020-09-07,mod_3,38489166,100229453,No Intervention,solid
2020-09-07,mod_4,4905404,69362449,Moderate return,solid
2020-09-07,mod_5,8576774,80971777,Normal (pre-intervention),solid
2020-09-07,mod_6,2472653,47675988,Cautious return,solid
2020-09-08,mod_2,9557435,68849556,Soc. Dist. + Travel Ban,solid
2020-09-08,mod_3,38527894,100134480,No Intervention,solid
2020-09-08,mod_4,4931498,69395856,Moderate return,solid
2020-09-08,mod_5,8600608,80928628,Normal (pre-intervention),solid
2020-09-08,mod_6,2492915,47991085,Cautious return,solid
2020-09-09,mod_2,9598348,68868322,Soc. Dist. + Travel Ban,solid
2020-09-09,mod_3,38565827,100028087,No Intervention,solid
2020-09-09,mod_4,4957291,69456428,Moderate return,solid
2020-09-09,mod_5,8624075,80847397,Normal (pre-intervention),solid
2020-09-09,mod_6,2512921,48324020,Cautious return,solid
2020-09-10,mod_2,9638782,68853289,Soc. Dist. + Travel Ban,solid
2020-09-10,mod_3,38602657,99944088,No Intervention,solid
2020-09-10,mod_4,4982619,69446092,Moderate return,solid
2020-09-10,mod_5,8646982,80750384,Normal (pre-intervention),solid
2020-09-10,mod_6,2532656,48637717,Cautious return,solid
2020-09-11,mod_2,9678513,68859476,Soc. Dist. + Travel Ban,solid
2020-09-11,mod_3,38638804,99851440,No Intervention,solid
2020-09-11,mod_4,5007427,69479375,Moderate return,solid
2020-09-11,mod_5,8669342,80671681,Normal (pre-intervention),solid
2020-09-11,mod_6,2552140,48868299,Cautious return,solid
2020-09-12,mod_2,9717659,68839307,Soc. Dist. + Travel Ban,solid
2020-09-12,mod_3,38674228,99767410,No Intervention,solid
2020-09-12,mod_4,5031905,69538233,Moderate return,solid
2020-09-12,mod_5,8691361,80528350,Normal (pre-intervention),solid
2020-09-12,mod_6,2571382,49183236,Cautious return,solid
2020-09-13,mod_2,9756254,68841547,Soc. Dist. + Travel Ban,solid
2020-09-13,mod_3,38709123,99649181,No Intervention,solid
2020-09-13,mod_4,5055971,69497248,Moderate return,solid
2020-09-13,mod_5,8712858,80490052,Normal (pre-intervention),solid
2020-09-13,mod_6,2590475,49437542,Cautious return,solid
2020-09-14,mod_2,9794386,68840868,Soc. Dist. + Travel Ban,solid
2020-09-14,mod_3,38742863,99577907,No Intervention,solid
2020-09-14,mod_4,5079776,69497649,Moderate return,solid
2020-09-14,mod_5,8733730,80412214,Normal (pre-intervention),solid
2020-09-14,mod_6,2609382,49732161,Cautious return,solid
2020-09-15,mod_2,9831848,68811630,Soc. Dist. + Travel Ban,solid
2020-09-15,mod_3,38776041,99455151,No Intervention,solid
2020-09-15,mod_4,5103084,69572606,Moderate return,solid
2020-09-15,mod_5,8754214,80317126,Normal (pre-intervention),solid
2020-09-15,mod_6,2627911,49963152,Cautious return,solid
2020-09-16,mod_2,9868981,68836420,Soc. Dist. + Travel Ban,solid
2020-09-16,mod_3,38808473,99396337,No Intervention,solid
2020-09-16,mod_4,5125969,69613658,Moderate return,solid
2020-09-16,mod_5,8774333,80273803,Normal (pre-intervention),solid
2020-09-16,mod_6,2646274,50229715,Cautious return,solid
2020-09-17,mod_2,NA,NA,Soc. Dist. + Travel Ban,solid
2020-09-17,mod_3,NA,NA,No Intervention,solid
2020-09-17,mod_4,NA,NA,Moderate return,solid
2020-09-17,mod_5,NA,NA,Normal (pre-intervention),solid
2020-09-17,mod_6,NA,NA,Cautious return,solid
2020-09-18,mod_2,NA,NA,Soc. Dist. + Travel Ban,solid
2020-09-18,mod_3,NA,NA,No Intervention,solid
2020-09-18,mod_4,NA,NA,Moderate return,solid
2020-09-18,mod_5,NA,NA,Normal (pre-intervention),solid
2020-09-18,mod_6,NA,NA,Cautious return,solid
2020-09-19,mod_2,NA,NA,Soc. Dist. + Travel Ban,solid
2020-09-19,mod_3,NA,NA,No Intervention,solid
2020-09-19,mod_4,NA,NA,Moderate return,solid
2020-09-19,mod_5,NA,NA,Normal (pre-intervention),solid
2020-09-19,mod_6,NA,NA,Cautious return,solid
2020-09-20,mod_2,NA,NA,Soc. Dist. + Travel Ban,solid
2020-09-20,mod_3,NA,NA,No Intervention,solid
2020-09-20,mod_4,NA,NA,Moderate return,solid
2020-09-20,mod_5,NA,NA,Normal (pre-intervention),solid
2020-09-20,mod_6,NA,NA,Cautious return,solid
2020-09-21,mod_2,NA,NA,Soc. Dist. + Travel Ban,solid
2020-09-21,mod_3,NA,NA,No Intervention,solid
2020-09-21,mod_4,NA,NA,Moderate return,solid
2020-09-21,mod_5,NA,NA,Normal (pre-intervention),solid
2020-09-21,mod_6,NA,NA,Cautious return,solid
2020-09-22,mod_2,NA,NA,Soc. Dist. + Travel Ban,solid
2020-09-22,mod_3,NA,NA,No Intervention,solid
2020-09-22,mod_4,NA,NA,Moderate return,solid
2020-09-22,mod_5,NA,NA,Normal (pre-intervention),solid
2020-09-22,mod_6,NA,NA,Cautious return,solid
2020-09-23,mod_2,NA,NA,Soc. Dist. + Travel Ban,solid
2020-09-23,mod_3,NA,NA,No Intervention,solid
2020-09-23,mod_4,NA,NA,Moderate return,solid
2020-09-23,mod_5,NA,NA,Normal (pre-intervention),solid
2020-09-23,mod_6,NA,NA,Cautious return,solid
2020-09-24,mod_2,NA,NA,Soc. Dist. + Travel Ban,solid
2020-09-24,mod_3,NA,NA,No Intervention,solid
2020-09-24,mod_4,NA,NA,Moderate return,solid
2020-09-24,mod_5,NA,NA,Normal (pre-intervention),solid
2020-09-24,mod_6,NA,NA,Cautious return,solid
2020-09-25,mod_2,NA,NA,Soc. Dist. + Travel Ban,solid
2020-09-25,mod_3,NA,NA,No Intervention,solid
2020-09-25,mod_4,NA,NA,Moderate return,solid
2020-09-25,mod_5,NA,NA,Normal (pre-intervention),solid
2020-09-25,mod_6,NA,NA,Cautious return,solid
2020-09-26,mod_2,NA,NA,Soc. Dist. + Travel Ban,solid
2020-09-26,mod_3,NA,NA,No Intervention,solid
2020-09-26,mod_4,NA,NA,Moderate return,solid
2020-09-26,mod_5,NA,NA,Normal (pre-intervention),solid
2020-09-26,mod_6,NA,NA,Cautious return,solid
2020-09-27,mod_2,NA,NA,Soc. Dist. + Travel Ban,solid
2020-09-27,mod_3,NA,NA,No Intervention,solid
2020-09-27,mod_4,NA,NA,Moderate return,solid
2020-09-27,mod_5,NA,NA,Normal (pre-intervention),solid
2020-09-27,mod_6,NA,NA,Cautious return,solid
2020-09-28,mod_2,NA,NA,Soc. Dist. + Travel Ban,solid
2020-09-28,mod_3,NA,NA,No Intervention,solid
2020-09-28,mod_4,NA,NA,Moderate return,solid
2020-09-28,mod_5,NA,NA,Normal (pre-intervention),solid
2020-09-28,mod_6,NA,NA,Cautious return,solid
2020-09-29,mod_2,NA,NA,Soc. Dist. + Travel Ban,solid
2020-09-29,mod_3,NA,NA,No Intervention,solid
2020-09-29,mod_4,NA,NA,Moderate return,solid
2020-09-29,mod_5,NA,NA,Normal (pre-intervention),solid
2020-09-29,mod_6,NA,NA,Cautious return,solid
2020-09-30,mod_2,NA,NA,Soc. Dist. + Travel Ban,solid
2020-09-30,mod_3,NA,NA,No Intervention,solid
2020-09-30,mod_4,NA,NA,Moderate return,solid
2020-09-30,mod_5,NA,NA,Normal (pre-intervention),solid
2020-09-30,mod_6,NA,NA,Cautious return,solid
2020-10-01,mod_2,NA,NA,Soc. Dist. + Travel Ban,solid
2020-10-01,mod_3,NA,NA,No Intervention,solid
2020-10-01,mod_4,NA,NA,Moderate return,solid
2020-10-01,mod_5,NA,NA,Normal (pre-intervention),solid
2020-10-01,mod_6,NA,NA,Cautious return,solid
2020-10-02,mod_2,NA,NA,Soc. Dist. + Travel Ban,solid
2020-10-02,mod_3,NA,NA,No Intervention,solid
2020-10-02,mod_4,NA,NA,Moderate return,solid
2020-10-02,mod_5,NA,NA,Normal (pre-intervention),solid
2020-10-02,mod_6,NA,NA,Cautious return,solid
2020-10-03,mod_2,NA,NA,Soc. Dist. + Travel Ban,solid
2020-10-03,mod_3,NA,NA,No Intervention,solid
2020-10-03,mod_4,NA,NA,Moderate return,solid
2020-10-03,mod_5,NA,NA,Normal (pre-intervention),solid
2020-10-03,mod_6,NA,NA,Cautious return,solid
2020-10-04,mod_2,NA,NA,Soc. Dist. + Travel Ban,solid
2020-10-04,mod_3,NA,NA,No Intervention,solid
2020-10-04,mod_4,NA,NA,Moderate return,solid
2020-10-04,mod_5,NA,NA,Normal (pre-intervention),solid
2020-10-04,mod_6,NA,NA,Cautious return,solid
2020-10-05,mod_2,NA,NA,Soc. Dist. + Travel Ban,solid
2020-10-05,mod_3,NA,NA,No Intervention,solid
2020-10-05,mod_4,NA,NA,Moderate return,solid
2020-10-05,mod_5,NA,NA,Normal (pre-intervention),solid
2020-10-05,mod_6,NA,NA,Cautious return,solid
2020-10-06,mod_2,NA,NA,Soc. Dist. + Travel Ban,solid
2020-10-06,mod_3,NA,NA,No Intervention,solid
2020-10-06,mod_4,NA,NA,Moderate return,solid
2020-10-06,mod_5,NA,NA,Normal (pre-intervention),solid
2020-10-06,mod_6,NA,NA,Cautious return,solid
2020-10-07,mod_2,NA,NA,Soc. Dist. + Travel Ban,solid
2020-10-07,mod_3,NA,NA,No Intervention,solid
2020-10-07,mod_4,NA,NA,Moderate return,solid
2020-10-07,mod_5,NA,NA,Normal (pre-intervention),solid
2020-10-07,mod_6,NA,NA,Cautious return,solid
2020-10-08,mod_2,NA,NA,Soc. Dist. + Travel Ban,solid
2020-10-08,mod_3,NA,NA,No Intervention,solid
2020-10-08,mod_4,NA,NA,Moderate return,solid
2020-10-08,mod_5,NA,NA,Normal (pre-intervention),solid
2020-10-08,mod_6,NA,NA,Cautious return,solid
2020-10-09,mod_2,NA,NA,Soc. Dist. + Travel Ban,solid
2020-10-09,mod_3,NA,NA,No Intervention,solid
2020-10-09,mod_4,NA,NA,Moderate return,solid
2020-10-09,mod_5,NA,NA,Normal (pre-intervention),solid
2020-10-09,mod_6,NA,NA,Cautious return,solid
2020-10-10,mod_2,NA,NA,Soc. Dist. + Travel Ban,solid
2020-10-10,mod_3,NA,NA,No Intervention,solid
2020-10-10,mod_4,NA,NA,Moderate return,solid
2020-10-10,mod_5,NA,NA,Normal (pre-intervention),solid
2020-10-10,mod_6,NA,NA,Cautious return,solid
2020-10-11,mod_2,NA,NA,Soc. Dist. + Travel Ban,solid
2020-10-11,mod_3,NA,NA,No Intervention,solid
2020-10-11,mod_4,NA,NA,Moderate return,solid
2020-10-11,mod_5,NA,NA,Normal (pre-intervention),solid
2020-10-11,mod_6,NA,NA,Cautious return,solid
2020-10-12,mod_2,NA,NA,Soc. Dist. + Travel Ban,solid
2020-10-12,mod_3,NA,NA,No Intervention,solid
2020-10-12,mod_4,NA,NA,Moderate return,solid
2020-10-12,mod_5,NA,NA,Normal (pre-intervention),solid
2020-10-12,mod_6,NA,NA,Cautious return,solid
2020-10-13,mod_2,NA,NA,Soc. Dist. + Travel Ban,solid
2020-10-13,mod_3,NA,NA,No Intervention,solid
2020-10-13,mod_4,NA,NA,Moderate return,solid
2020-10-13,mod_5,NA,NA,Normal (pre-intervention),solid
2020-10-13,mod_6,NA,NA,Cautious return,solid
2020-10-14,mod_2,NA,NA,Soc. Dist. + Travel Ban,solid
2020-10-14,mod_3,NA,NA,No Intervention,solid
2020-10-14,mod_4,NA,NA,Moderate return,solid
2020-10-14,mod_5,NA,NA,Normal (pre-intervention),solid
2020-10-14,mod_6,NA,NA,Cautious return,solid
2020-10-15,mod_2,NA,NA,Soc. Dist. + Travel Ban,solid
2020-10-15,mod_3,NA,NA,No Intervention,solid
2020-10-15,mod_4,NA,NA,Moderate return,solid
2020-10-15,mod_5,NA,NA,Normal (pre-intervention),solid
2020-10-15,mod_6,NA,NA,Cautious return,solid
2020-10-16,mod_2,NA,NA,Soc. Dist. + Travel Ban,solid
2020-10-16,mod_3,NA,NA,No Intervention,solid
2020-10-16,mod_4,NA,NA,Moderate return,solid
2020-10-16,mod_5,NA,NA,Normal (pre-intervention),solid
2020-10-16,mod_6,NA,NA,Cautious return,solid
2020-10-17,mod_2,NA,NA,Soc. Dist. + Travel Ban,solid
2020-10-17,mod_3,NA,NA,No Intervention,solid
2020-10-17,mod_4,NA,NA,Moderate return,solid
2020-10-17,mod_5,NA,NA,Normal (pre-intervention),solid
2020-10-17,mod_6,NA,NA,Cautious return,solid
2020-10-18,mod_2,NA,NA,Soc. Dist. + Travel Ban,solid
2020-10-18,mod_3,NA,NA,No Intervention,solid
2020-10-18,mod_4,NA,NA,Moderate return,solid
2020-10-18,mod_5,NA,NA,Normal (pre-intervention),solid
2020-10-18,mod_6,NA,NA,Cautious return,solid
2020-10-19,mod_2,NA,NA,Soc. Dist. + Travel Ban,solid
2020-10-19,mod_3,NA,NA,No Intervention,solid
2020-10-19,mod_4,NA,NA,Moderate return,solid
2020-10-19,mod_5,NA,NA,Normal (pre-intervention),solid
2020-10-19,mod_6,NA,NA,Cautious return,solid
2020-10-20,mod_2,NA,NA,Soc. Dist. + Travel Ban,solid
2020-10-20,mod_3,NA,NA,No Intervention,solid
2020-10-20,mod_4,NA,NA,Moderate return,solid
2020-10-20,mod_5,NA,NA,Normal (pre-intervention),solid
2020-10-20,mod_6,NA,NA,Cautious return,solid
2020-10-21,mod_2,NA,NA,Soc. Dist. + Travel Ban,solid
2020-10-21,mod_3,NA,NA,No Intervention,solid
2020-10-21,mod_4,NA,NA,Moderate return,solid
2020-10-21,mod_5,NA,NA,Normal (pre-intervention),solid
2020-10-21,mod_6,NA,NA,Cautious return,solid
2020-10-22,mod_2,NA,NA,Soc. Dist. + Travel Ban,solid
2020-10-22,mod_3,NA,NA,No Intervention,solid
2020-10-22,mod_4,NA,NA,Moderate return,solid
2020-10-22,mod_5,NA,NA,Normal (pre-intervention),solid
2020-10-22,mod_6,NA,NA,Cautious return,solid
2020-10-23,mod_2,NA,NA,Soc. Dist. + Travel Ban,solid
2020-10-23,mod_3,NA,NA,No Intervention,solid
2020-10-23,mod_4,NA,NA,Moderate return,solid
2020-10-23,mod_5,NA,NA,Normal (pre-intervention),solid
2020-10-23,mod_6,NA,NA,Cautious return,solid
