Date	State	Cases	Deaths	Recovered	Name
2020-03-15	an	0	0	0	Andaman and Nicobar Islands
2020-03-16	an	0	0	0	Andaman and Nicobar Islands
2020-03-17	an	0	0	0	Andaman and Nicobar Islands
2020-03-18	an	0	0	0	Andaman and Nicobar Islands
2020-03-19	an	0	0	0	Andaman and Nicobar Islands
2020-03-20	an	0	0	0	Andaman and Nicobar Islands
2020-03-21	an	0	0	0	Andaman and Nicobar Islands
2020-03-22	an	0	0	0	Andaman and Nicobar Islands
2020-03-23	an	0	0	0	Andaman and Nicobar Islands
2020-03-24	an	0	0	0	Andaman and Nicobar Islands
2020-03-25	an	0	0	0	Andaman and Nicobar Islands
2020-03-26	an	1	0	0	Andaman and Nicobar Islands
2020-03-27	an	6	0	0	Andaman and Nicobar Islands
2020-03-28	an	9	0	0	Andaman and Nicobar Islands
2020-03-29	an	9	0	0	Andaman and Nicobar Islands
2020-03-30	an	10	0	0	Andaman and Nicobar Islands
2020-03-31	an	10	0	0	Andaman and Nicobar Islands
2020-04-01	an	10	0	0	Andaman and Nicobar Islands
2020-04-02	an	10	0	0	Andaman and Nicobar Islands
2020-04-03	an	10	0	0	Andaman and Nicobar Islands
2020-04-04	an	10	0	0	Andaman and Nicobar Islands
2020-04-05	an	10	0	0	Andaman and Nicobar Islands
2020-04-06	an	10	0	0	Andaman and Nicobar Islands
2020-04-07	an	10	0	0	Andaman and Nicobar Islands
2020-04-08	an	11	0	0	Andaman and Nicobar Islands
2020-04-09	an	11	0	10	Andaman and Nicobar Islands
2020-04-10	an	11	0	10	Andaman and Nicobar Islands
2020-04-11	an	11	0	10	Andaman and Nicobar Islands
2020-04-12	an	11	0	10	Andaman and Nicobar Islands
2020-04-13	an	11	0	10	Andaman and Nicobar Islands
2020-04-14	an	11	0	10	Andaman and Nicobar Islands
2020-04-15	an	11	0	10	Andaman and Nicobar Islands
2020-04-16	an	11	0	11	Andaman and Nicobar Islands
2020-04-17	an	12	0	11	Andaman and Nicobar Islands
2020-04-18	an	14	0	11	Andaman and Nicobar Islands
2020-03-15	ap	1	0	0	Andhra Pradesh
2020-03-16	ap	1	0	0	Andhra Pradesh
2020-03-17	ap	1	0	0	Andhra Pradesh
2020-03-18	ap	1	0	0	Andhra Pradesh
2020-03-19	ap	3	0	0	Andhra Pradesh
2020-03-20	ap	3	0	0	Andhra Pradesh
2020-03-21	ap	5	0	0	Andhra Pradesh
2020-03-22	ap	6	0	0	Andhra Pradesh
2020-03-23	ap	7	0	0	Andhra Pradesh
2020-03-24	ap	8	0	0	Andhra Pradesh
2020-03-25	ap	10	0	1	Andhra Pradesh
2020-03-26	ap	11	0	1	Andhra Pradesh
2020-03-27	ap	13	0	1	Andhra Pradesh
2020-03-28	ap	19	0	1	Andhra Pradesh
2020-03-29	ap	21	0	1	Andhra Pradesh
2020-03-30	ap	23	0	1	Andhra Pradesh
2020-03-31	ap	44	0	1	Andhra Pradesh
2020-04-01	ap	111	0	2	Andhra Pradesh
2020-04-02	ap	149	0	2	Andhra Pradesh
2020-04-03	ap	164	1	2	Andhra Pradesh
2020-04-04	ap	192	1	2	Andhra Pradesh
2020-04-05	ap	256	1	5	Andhra Pradesh
2020-04-06	ap	303	3	5	Andhra Pradesh
2020-04-07	ap	314	4	5	Andhra Pradesh
2020-04-08	ap	348	4	6	Andhra Pradesh
2020-04-09	ap	363	6	10	Andhra Pradesh
2020-04-10	ap	381	6	10	Andhra Pradesh
2020-04-11	ap	405	6	10	Andhra Pradesh
2020-04-12	ap	420	7	12	Andhra Pradesh
2020-04-13	ap	439	7	12	Andhra Pradesh
2020-04-14	ap	484	11	16	Andhra Pradesh
2020-04-15	ap	525	14	20	Andhra Pradesh
2020-04-16	ap	534	14	20	Andhra Pradesh
2020-04-17	ap	572	14	35	Andhra Pradesh
2020-04-18	ap	603	16	42	Andhra Pradesh
2020-03-15	ar	0	0	0	Arunachal Pradesh
2020-03-16	ar	0	0	0	Arunachal Pradesh
2020-03-17	ar	0	0	0	Arunachal Pradesh
2020-03-18	ar	0	0	0	Arunachal Pradesh
2020-03-19	ar	0	0	0	Arunachal Pradesh
2020-03-20	ar	0	0	0	Arunachal Pradesh
2020-03-21	ar	0	0	0	Arunachal Pradesh
2020-03-22	ar	0	0	0	Arunachal Pradesh
2020-03-23	ar	0	0	0	Arunachal Pradesh
2020-03-24	ar	0	0	0	Arunachal Pradesh
2020-03-25	ar	0	0	0	Arunachal Pradesh
2020-03-26	ar	0	0	0	Arunachal Pradesh
2020-03-27	ar	0	0	0	Arunachal Pradesh
2020-03-28	ar	0	0	0	Arunachal Pradesh
2020-03-29	ar	0	0	0	Arunachal Pradesh
2020-03-30	ar	0	0	0	Arunachal Pradesh
2020-03-31	ar	0	0	0	Arunachal Pradesh
2020-04-01	ar	0	0	0	Arunachal Pradesh
2020-04-02	ar	1	0	0	Arunachal Pradesh
2020-04-03	ar	1	0	0	Arunachal Pradesh
2020-04-04	ar	1	0	0	Arunachal Pradesh
2020-04-05	ar	1	0	0	Arunachal Pradesh
2020-04-06	ar	1	0	0	Arunachal Pradesh
2020-04-07	ar	1	0	0	Arunachal Pradesh
2020-04-08	ar	1	0	0	Arunachal Pradesh
2020-04-09	ar	1	0	0	Arunachal Pradesh
2020-04-10	ar	1	0	0	Arunachal Pradesh
2020-04-11	ar	1	0	0	Arunachal Pradesh
2020-04-12	ar	1	0	0	Arunachal Pradesh
2020-04-13	ar	1	0	0	Arunachal Pradesh
2020-04-14	ar	1	0	0	Arunachal Pradesh
2020-04-15	ar	1	0	1	Arunachal Pradesh
2020-04-16	ar	1	0	1	Arunachal Pradesh
2020-04-17	ar	1	0	1	Arunachal Pradesh
2020-04-18	ar	1	0	1	Arunachal Pradesh
2020-03-15	as	0	0	0	Assam
2020-03-16	as	0	0	0	Assam
2020-03-17	as	0	0	0	Assam
2020-03-18	as	0	0	0	Assam
2020-03-19	as	0	0	0	Assam
2020-03-20	as	0	0	0	Assam
2020-03-21	as	0	0	0	Assam
2020-03-22	as	0	0	0	Assam
2020-03-23	as	0	0	0	Assam
2020-03-24	as	0	0	0	Assam
2020-03-25	as	0	0	0	Assam
2020-03-26	as	0	0	0	Assam
2020-03-27	as	0	0	0	Assam
2020-03-28	as	0	0	0	Assam
2020-03-29	as	0	0	0	Assam
2020-03-30	as	0	0	0	Assam
2020-03-31	as	1	0	0	Assam
2020-04-01	as	16	0	0	Assam
2020-04-02	as	16	0	0	Assam
2020-04-03	as	23	0	0	Assam
2020-04-04	as	26	0	0	Assam
2020-04-05	as	26	0	0	Assam
2020-04-06	as	26	0	0	Assam
2020-04-07	as	28	0	0	Assam
2020-04-08	as	28	0	0	Assam
2020-04-09	as	29	0	0	Assam
2020-04-10	as	29	1	0	Assam
2020-04-11	as	29	1	0	Assam
2020-04-12	as	29	1	0	Assam
2020-04-13	as	31	1	0	Assam
2020-04-14	as	32	1	0	Assam
2020-04-15	as	32	1	2	Assam
2020-04-16	as	34	1	5	Assam
2020-04-17	as	34	1	9	Assam
2020-04-18	as	34	1	12	Assam
2020-03-15	br	0	0	0	Bihar
2020-03-16	br	0	0	0	Bihar
2020-03-17	br	0	0	0	Bihar
2020-03-18	br	0	0	0	Bihar
2020-03-19	br	0	0	0	Bihar
2020-03-20	br	0	0	0	Bihar
2020-03-21	br	0	0	0	Bihar
2020-03-22	br	2	1	0	Bihar
2020-03-23	br	3	1	0	Bihar
2020-03-24	br	3	1	0	Bihar
2020-03-25	br	4	1	0	Bihar
2020-03-26	br	7	1	0	Bihar
2020-03-27	br	9	1	0	Bihar
2020-03-28	br	11	1	0	Bihar
2020-03-29	br	15	1	0	Bihar
2020-03-30	br	15	1	0	Bihar
2020-03-31	br	21	1	0	Bihar
2020-04-01	br	24	1	0	Bihar
2020-04-02	br	29	1	3	Bihar
2020-04-03	br	31	1	3	Bihar
2020-04-04	br	32	1	3	Bihar
2020-04-05	br	32	1	3	Bihar
2020-04-06	br	32	1	9	Bihar
2020-04-07	br	38	1	15	Bihar
2020-04-08	br	39	1	15	Bihar
2020-04-09	br	58	1	15	Bihar
2020-04-10	br	60	1	15	Bihar
2020-04-11	br	64	1	15	Bihar
2020-04-12	br	64	1	26	Bihar
2020-04-13	br	66	1	28	Bihar
2020-04-14	br	66	1	29	Bihar
2020-04-15	br	72	1	29	Bihar
2020-04-16	br	83	1	37	Bihar
2020-04-17	br	85	1	37	Bihar
2020-04-18	br	86	2	42	Bihar
2020-03-15	ch	0	0	0	Chandigarh
2020-03-16	ch	0	0	0	Chandigarh
2020-03-17	ch	0	0	0	Chandigarh
2020-03-18	ch	0	0	0	Chandigarh
2020-03-19	ch	1	0	0	Chandigarh
2020-03-20	ch	5	0	0	Chandigarh
2020-03-21	ch	5	0	0	Chandigarh
2020-03-22	ch	6	0	0	Chandigarh
2020-03-23	ch	7	0	0	Chandigarh
2020-03-24	ch	7	0	0	Chandigarh
2020-03-25	ch	7	0	0	Chandigarh
2020-03-26	ch	7	0	0	Chandigarh
2020-03-27	ch	8	0	0	Chandigarh
2020-03-28	ch	8	0	0	Chandigarh
2020-03-29	ch	8	0	0	Chandigarh
2020-03-30	ch	13	0	0	Chandigarh
2020-03-31	ch	15	0	0	Chandigarh
2020-04-01	ch	17	0	0	Chandigarh
2020-04-02	ch	18	0	0	Chandigarh
2020-04-03	ch	18	0	0	Chandigarh
2020-04-04	ch	18	0	3	Chandigarh
2020-04-05	ch	18	0	5	Chandigarh
2020-04-06	ch	18	0	5	Chandigarh
2020-04-07	ch	18	0	7	Chandigarh
2020-04-08	ch	18	0	7	Chandigarh
2020-04-09	ch	18	0	7	Chandigarh
2020-04-10	ch	19	0	7	Chandigarh
2020-04-11	ch	19	0	7	Chandigarh
2020-04-12	ch	21	0	7	Chandigarh
2020-04-13	ch	21	0	7	Chandigarh
2020-04-14	ch	21	0	7	Chandigarh
2020-04-15	ch	21	0	9	Chandigarh
2020-04-16	ch	21	0	9	Chandigarh
2020-04-17	ch	21	0	9	Chandigarh
2020-04-18	ch	23	0	9	Chandigarh
2020-03-15	ct	0	0	0	Chhattisgarh
2020-03-16	ct	0	0	0	Chhattisgarh
2020-03-17	ct	0	0	0	Chhattisgarh
2020-03-18	ct	0	0	0	Chhattisgarh
2020-03-19	ct	1	0	0	Chhattisgarh
2020-03-20	ct	1	0	0	Chhattisgarh
2020-03-21	ct	1	0	0	Chhattisgarh
2020-03-22	ct	1	0	0	Chhattisgarh
2020-03-23	ct	1	0	0	Chhattisgarh
2020-03-24	ct	1	0	0	Chhattisgarh
2020-03-25	ct	3	0	0	Chhattisgarh
2020-03-26	ct	6	0	0	Chhattisgarh
2020-03-27	ct	6	0	0	Chhattisgarh
2020-03-28	ct	7	0	0	Chhattisgarh
2020-03-29	ct	7	0	0	Chhattisgarh
2020-03-30	ct	8	0	0	Chhattisgarh
2020-03-31	ct	9	0	2	Chhattisgarh
2020-04-01	ct	9	0	2	Chhattisgarh
2020-04-02	ct	9	0	3	Chhattisgarh
2020-04-03	ct	9	0	3	Chhattisgarh
2020-04-04	ct	10	0	3	Chhattisgarh
2020-04-05	ct	10	0	8	Chhattisgarh
2020-04-06	ct	10	0	8	Chhattisgarh
2020-04-07	ct	10	0	9	Chhattisgarh
2020-04-08	ct	10	0	9	Chhattisgarh
2020-04-09	ct	18	0	9	Chhattisgarh
2020-04-10	ct	18	0	9	Chhattisgarh
2020-04-11	ct	25	0	9	Chhattisgarh
2020-04-12	ct	31	0	10	Chhattisgarh
2020-04-13	ct	31	0	10	Chhattisgarh
2020-04-14	ct	33	0	13	Chhattisgarh
2020-04-15	ct	33	0	17	Chhattisgarh
2020-04-16	ct	36	0	23	Chhattisgarh
2020-04-17	ct	36	0	24	Chhattisgarh
2020-04-18	ct	36	0	25	Chhattisgarh
2020-03-15	dd	0	0	0	Daman and Diu
2020-03-16	dd	0	0	0	Daman and Diu
2020-03-17	dd	0	0	0	Daman and Diu
2020-03-18	dd	0	0	0	Daman and Diu
2020-03-19	dd	0	0	0	Daman and Diu
2020-03-20	dd	0	0	0	Daman and Diu
2020-03-21	dd	0	0	0	Daman and Diu
2020-03-22	dd	0	0	0	Daman and Diu
2020-03-23	dd	0	0	0	Daman and Diu
2020-03-24	dd	0	0	0	Daman and Diu
2020-03-25	dd	0	0	0	Daman and Diu
2020-03-26	dd	0	0	0	Daman and Diu
2020-03-27	dd	0	0	0	Daman and Diu
2020-03-28	dd	0	0	0	Daman and Diu
2020-03-29	dd	0	0	0	Daman and Diu
2020-03-30	dd	0	0	0	Daman and Diu
2020-03-31	dd	0	0	0	Daman and Diu
2020-04-01	dd	0	0	0	Daman and Diu
2020-04-02	dd	0	0	0	Daman and Diu
2020-04-03	dd	0	0	0	Daman and Diu
2020-04-04	dd	0	0	0	Daman and Diu
2020-04-05	dd	0	0	0	Daman and Diu
2020-04-06	dd	0	0	0	Daman and Diu
2020-04-07	dd	0	0	0	Daman and Diu
2020-04-08	dd	0	0	0	Daman and Diu
2020-04-09	dd	0	0	0	Daman and Diu
2020-04-10	dd	0	0	0	Daman and Diu
2020-04-11	dd	0	0	0	Daman and Diu
2020-04-12	dd	0	0	0	Daman and Diu
2020-04-13	dd	0	0	0	Daman and Diu
2020-04-14	dd	0	0	0	Daman and Diu
2020-04-15	dd	0	0	0	Daman and Diu
2020-04-16	dd	0	0	0	Daman and Diu
2020-04-17	dd	0	0	0	Daman and Diu
2020-04-18	dd	0	0	0	Daman and Diu
2020-03-15	dl	7	1	2	Delhi
2020-03-16	dl	7	1	2	Delhi
2020-03-17	dl	8	1	2	Delhi
2020-03-18	dl	10	1	2	Delhi
2020-03-19	dl	14	1	3	Delhi
2020-03-20	dl	20	1	5	Delhi
2020-03-21	dl	27	1	5	Delhi
2020-03-22	dl	27	1	5	Delhi
2020-03-23	dl	30	1	5	Delhi
2020-03-24	dl	30	1	6	Delhi
2020-03-25	dl	35	1	6	Delhi
2020-03-26	dl	36	1	6	Delhi
2020-03-27	dl	40	1	6	Delhi
2020-03-28	dl	49	1	6	Delhi
2020-03-29	dl	72	2	6	Delhi
2020-03-30	dl	97	2	6	Delhi
2020-03-31	dl	120	2	6	Delhi
2020-04-01	dl	152	2	6	Delhi
2020-04-02	dl	293	4	8	Delhi
2020-04-03	dl	386	6	8	Delhi
2020-04-04	dl	445	6	16	Delhi
2020-04-05	dl	503	7	16	Delhi
2020-04-06	dl	525	7	16	Delhi
2020-04-07	dl	576	9	20	Delhi
2020-04-08	dl	669	9	21	Delhi
2020-04-09	dl	720	12	25	Delhi
2020-04-10	dl	903	14	27	Delhi
2020-04-11	dl	1069	19	27	Delhi
2020-04-12	dl	1154	24	28	Delhi
2020-04-13	dl	1510	28	31	Delhi
2020-04-14	dl	1561	30	31	Delhi
2020-04-15	dl	1578	32	41	Delhi
2020-04-16	dl	1640	38	52	Delhi
2020-04-17	dl	1707	42	72	Delhi
2020-04-18	dl	1893	43	207	Delhi
2020-03-15	dn	0	0	0	Dadra and Nagar Haveli
2020-03-16	dn	0	0	0	Dadra and Nagar Haveli
2020-03-17	dn	0	0	0	Dadra and Nagar Haveli
2020-03-18	dn	0	0	0	Dadra and Nagar Haveli
2020-03-19	dn	0	0	0	Dadra and Nagar Haveli
2020-03-20	dn	0	0	0	Dadra and Nagar Haveli
2020-03-21	dn	0	0	0	Dadra and Nagar Haveli
2020-03-22	dn	0	0	0	Dadra and Nagar Haveli
2020-03-23	dn	0	0	0	Dadra and Nagar Haveli
2020-03-24	dn	0	0	0	Dadra and Nagar Haveli
2020-03-25	dn	0	0	0	Dadra and Nagar Haveli
2020-03-26	dn	0	0	0	Dadra and Nagar Haveli
2020-03-27	dn	0	0	0	Dadra and Nagar Haveli
2020-03-28	dn	0	0	0	Dadra and Nagar Haveli
2020-03-29	dn	0	0	0	Dadra and Nagar Haveli
2020-03-30	dn	0	0	0	Dadra and Nagar Haveli
2020-03-31	dn	0	0	0	Dadra and Nagar Haveli
2020-04-01	dn	0	0	0	Dadra and Nagar Haveli
2020-04-02	dn	0	0	0	Dadra and Nagar Haveli
2020-04-03	dn	0	0	0	Dadra and Nagar Haveli
2020-04-04	dn	0	0	0	Dadra and Nagar Haveli
2020-04-05	dn	0	0	0	Dadra and Nagar Haveli
2020-04-06	dn	0	0	0	Dadra and Nagar Haveli
2020-04-07	dn	0	0	0	Dadra and Nagar Haveli
2020-04-08	dn	0	0	0	Dadra and Nagar Haveli
2020-04-09	dn	0	0	0	Dadra and Nagar Haveli
2020-04-10	dn	0	0	0	Dadra and Nagar Haveli
2020-04-11	dn	0	0	0	Dadra and Nagar Haveli
2020-04-12	dn	0	0	0	Dadra and Nagar Haveli
2020-04-13	dn	0	0	0	Dadra and Nagar Haveli
2020-04-14	dn	0	0	0	Dadra and Nagar Haveli
2020-04-15	dn	0	0	0	Dadra and Nagar Haveli
2020-04-16	dn	0	0	0	Dadra and Nagar Haveli
2020-04-17	dn	0	0	0	Dadra and Nagar Haveli
2020-04-18	dn	0	0	0	Dadra and Nagar Haveli
2020-03-15	ga	0	0	0	Goa
2020-03-16	ga	0	0	0	Goa
2020-03-17	ga	0	0	0	Goa
2020-03-18	ga	0	0	0	Goa
2020-03-19	ga	0	0	0	Goa
2020-03-20	ga	0	0	0	Goa
2020-03-21	ga	0	0	0	Goa
2020-03-22	ga	0	0	0	Goa
2020-03-23	ga	0	0	0	Goa
2020-03-24	ga	0	0	0	Goa
2020-03-25	ga	3	0	0	Goa
2020-03-26	ga	3	0	0	Goa
2020-03-27	ga	3	0	0	Goa
2020-03-28	ga	3	0	0	Goa
2020-03-29	ga	5	0	0	Goa
2020-03-30	ga	5	0	0	Goa
2020-03-31	ga	5	0	0	Goa
2020-04-01	ga	5	0	0	Goa
2020-04-02	ga	5	0	0	Goa
2020-04-03	ga	6	0	0	Goa
2020-04-04	ga	7	0	0	Goa
2020-04-05	ga	7	0	0	Goa
2020-04-06	ga	7	0	0	Goa
2020-04-07	ga	7	0	0	Goa
2020-04-08	ga	7	0	0	Goa
2020-04-09	ga	7	0	0	Goa
2020-04-10	ga	7	0	1	Goa
2020-04-11	ga	7	0	5	Goa
2020-04-12	ga	7	0	5	Goa
2020-04-13	ga	7	0	5	Goa
2020-04-14	ga	7	0	5	Goa
2020-04-15	ga	7	0	6	Goa
2020-04-16	ga	7	0	6	Goa
2020-04-17	ga	7	0	6	Goa
2020-04-18	ga	7	0	6	Goa
2020-03-15	gj	0	0	0	Gujarat
2020-03-16	gj	0	0	0	Gujarat
2020-03-17	gj	0	0	0	Gujarat
2020-03-18	gj	0	0	0	Gujarat
2020-03-19	gj	2	0	0	Gujarat
2020-03-20	gj	7	0	0	Gujarat
2020-03-21	gj	14	0	0	Gujarat
2020-03-22	gj	18	1	0	Gujarat
2020-03-23	gj	30	1	0	Gujarat
2020-03-24	gj	34	1	0	Gujarat
2020-03-25	gj	38	1	0	Gujarat
2020-03-26	gj	43	3	0	Gujarat
2020-03-27	gj	47	3	0	Gujarat
2020-03-28	gj	55	4	0	Gujarat
2020-03-29	gj	63	5	1	Gujarat
2020-03-30	gj	70	6	3	Gujarat
2020-03-31	gj	74	6	5	Gujarat
2020-04-01	gj	87	6	5	Gujarat
2020-04-02	gj	88	7	10	Gujarat
2020-04-03	gj	95	9	10	Gujarat
2020-04-04	gj	108	10	13	Gujarat
2020-04-05	gj	128	11	21	Gujarat
2020-04-06	gj	146	12	22	Gujarat
2020-04-07	gj	175	14	25	Gujarat
2020-04-08	gj	186	16	25	Gujarat
2020-04-09	gj	262	18	26	Gujarat
2020-04-10	gj	378	19	33	Gujarat
2020-04-11	gj	468	22	44	Gujarat
2020-04-12	gj	516	24	44	Gujarat
2020-04-13	gj	572	26	54	Gujarat
2020-04-14	gj	650	28	59	Gujarat
2020-04-15	gj	766	33	64	Gujarat
2020-04-16	gj	929	36	73	Gujarat
2020-04-17	gj	1099	41	86	Gujarat
2020-04-18	gj	1376	53	93	Gujarat
2020-03-15	hp	0	0	0	Himachal Pradesh
2020-03-16	hp	0	0	0	Himachal Pradesh
2020-03-17	hp	0	0	0	Himachal Pradesh
2020-03-18	hp	0	0	0	Himachal Pradesh
2020-03-19	hp	0	0	0	Himachal Pradesh
2020-03-20	hp	2	0	0	Himachal Pradesh
2020-03-21	hp	2	0	0	Himachal Pradesh
2020-03-22	hp	2	0	0	Himachal Pradesh
2020-03-23	hp	3	1	0	Himachal Pradesh
2020-03-24	hp	3	1	0	Himachal Pradesh
2020-03-25	hp	3	1	0	Himachal Pradesh
2020-03-26	hp	3	1	0	Himachal Pradesh
2020-03-27	hp	3	1	1	Himachal Pradesh
2020-03-28	hp	3	1	2	Himachal Pradesh
2020-03-29	hp	3	1	2	Himachal Pradesh
2020-03-30	hp	3	1	2	Himachal Pradesh
2020-03-31	hp	3	1	2	Himachal Pradesh
2020-04-01	hp	3	1	2	Himachal Pradesh
2020-04-02	hp	6	1	2	Himachal Pradesh
2020-04-03	hp	6	2	2	Himachal Pradesh
2020-04-04	hp	13	2	2	Himachal Pradesh
2020-04-05	hp	14	2	2	Himachal Pradesh
2020-04-06	hp	18	2	2	Himachal Pradesh
2020-04-07	hp	27	2	3	Himachal Pradesh
2020-04-08	hp	27	2	3	Himachal Pradesh
2020-04-09	hp	28	2	3	Himachal Pradesh
2020-04-10	hp	28	2	3	Himachal Pradesh
2020-04-11	hp	32	2	9	Himachal Pradesh
2020-04-12	hp	32	2	13	Himachal Pradesh
2020-04-13	hp	32	2	13	Himachal Pradesh
2020-04-14	hp	33	2	14	Himachal Pradesh
2020-04-15	hp	35	2	14	Himachal Pradesh
2020-04-16	hp	35	2	17	Himachal Pradesh
2020-04-17	hp	38	2	17	Himachal Pradesh
2020-04-18	hp	39	2	17	Himachal Pradesh
2020-03-15	hr	14	0	0	Haryana
2020-03-16	hr	14	0	0	Haryana
2020-03-17	hr	15	0	0	Haryana
2020-03-18	hr	16	0	0	Haryana
2020-03-19	hr	17	0	0	Haryana
2020-03-20	hr	19	0	0	Haryana
2020-03-21	hr	21	0	0	Haryana
2020-03-22	hr	21	0	0	Haryana
2020-03-23	hr	28	0	11	Haryana
2020-03-24	hr	30	0	11	Haryana
2020-03-25	hr	31	0	11	Haryana
2020-03-26	hr	32	0	11	Haryana
2020-03-27	hr	33	0	11	Haryana
2020-03-28	hr	35	0	11	Haryana
2020-03-29	hr	35	0	11	Haryana
2020-03-30	hr	36	0	17	Haryana
2020-03-31	hr	43	0	17	Haryana
2020-04-01	hr	43	0	27	Haryana
2020-04-02	hr	49	0	27	Haryana
2020-04-03	hr	58	0	27	Haryana
2020-04-04	hr	84	0	28	Haryana
2020-04-05	hr	90	0	28	Haryana
2020-04-06	hr	110	2	28	Haryana
2020-04-07	hr	143	2	30	Haryana
2020-04-08	hr	167	2	31	Haryana
2020-04-09	hr	170	2	31	Haryana
2020-04-10	hr	176	2	35	Haryana
2020-04-11	hr	179	2	35	Haryana
2020-04-12	hr	195	3	43	Haryana
2020-04-13	hr	196	3	50	Haryana
2020-04-14	hr	198	3	54	Haryana
2020-04-15	hr	204	3	56	Haryana
2020-04-16	hr	215	3	64	Haryana
2020-04-17	hr	223	3	85	Haryana
2020-04-18	hr	232	3	99	Haryana
2020-03-15	jh	0	0	0	Jharkhand
2020-03-16	jh	0	0	0	Jharkhand
2020-03-17	jh	0	0	0	Jharkhand
2020-03-18	jh	0	0	0	Jharkhand
2020-03-19	jh	0	0	0	Jharkhand
2020-03-20	jh	0	0	0	Jharkhand
2020-03-21	jh	0	0	0	Jharkhand
2020-03-22	jh	0	0	0	Jharkhand
2020-03-23	jh	0	0	0	Jharkhand
2020-03-24	jh	0	0	0	Jharkhand
2020-03-25	jh	0	0	0	Jharkhand
2020-03-26	jh	0	0	0	Jharkhand
2020-03-27	jh	0	0	0	Jharkhand
2020-03-28	jh	0	0	0	Jharkhand
2020-03-29	jh	0	0	0	Jharkhand
2020-03-30	jh	0	0	0	Jharkhand
2020-03-31	jh	1	0	0	Jharkhand
2020-04-01	jh	1	0	0	Jharkhand
2020-04-02	jh	2	0	0	Jharkhand
2020-04-03	jh	2	0	0	Jharkhand
2020-04-04	jh	2	0	0	Jharkhand
2020-04-05	jh	3	0	0	Jharkhand
2020-04-06	jh	4	0	0	Jharkhand
2020-04-07	jh	4	0	0	Jharkhand
2020-04-08	jh	4	0	0	Jharkhand
2020-04-09	jh	13	1	0	Jharkhand
2020-04-10	jh	14	1	0	Jharkhand
2020-04-11	jh	17	1	0	Jharkhand
2020-04-12	jh	19	2	0	Jharkhand
2020-04-13	jh	24	2	0	Jharkhand
2020-04-14	jh	27	2	0	Jharkhand
2020-04-15	jh	28	2	0	Jharkhand
2020-04-16	jh	29	2	0	Jharkhand
2020-04-17	jh	32	2	0	Jharkhand
2020-04-18	jh	33	2	0	Jharkhand
2020-03-15	jk	2	0	0	Jammu and Kashmir
2020-03-16	jk	3	0	0	Jammu and Kashmir
2020-03-17	jk	3	0	0	Jammu and Kashmir
2020-03-18	jk	4	0	0	Jammu and Kashmir
2020-03-19	jk	4	0	0	Jammu and Kashmir
2020-03-20	jk	4	0	0	Jammu and Kashmir
2020-03-21	jk	4	0	0	Jammu and Kashmir
2020-03-22	jk	4	0	0	Jammu and Kashmir
2020-03-23	jk	4	0	0	Jammu and Kashmir
2020-03-24	jk	6	0	0	Jammu and Kashmir
2020-03-25	jk	11	0	1	Jammu and Kashmir
2020-03-26	jk	14	1	1	Jammu and Kashmir
2020-03-27	jk	20	1	1	Jammu and Kashmir
2020-03-28	jk	33	1	1	Jammu and Kashmir
2020-03-29	jk	38	1	1	Jammu and Kashmir
2020-03-30	jk	49	1	1	Jammu and Kashmir
2020-03-31	jk	55	2	1	Jammu and Kashmir
2020-04-01	jk	62	2	2	Jammu and Kashmir
2020-04-02	jk	70	2	3	Jammu and Kashmir
2020-04-03	jk	75	2	3	Jammu and Kashmir
2020-04-04	jk	92	2	3	Jammu and Kashmir
2020-04-05	jk	106	2	4	Jammu and Kashmir
2020-04-06	jk	109	2	4	Jammu and Kashmir
2020-04-07	jk	125	3	4	Jammu and Kashmir
2020-04-08	jk	158	3	6	Jammu and Kashmir
2020-04-09	jk	184	4	6	Jammu and Kashmir
2020-04-10	jk	207	4	6	Jammu and Kashmir
2020-04-11	jk	224	4	6	Jammu and Kashmir
2020-04-12	jk	245	4	6	Jammu and Kashmir
2020-04-13	jk	270	4	16	Jammu and Kashmir
2020-04-14	jk	278	4	30	Jammu and Kashmir
2020-04-15	jk	300	4	36	Jammu and Kashmir
2020-04-16	jk	314	4	38	Jammu and Kashmir
2020-04-17	jk	328	5	42	Jammu and Kashmir
2020-04-18	jk	341	5	51	Jammu and Kashmir
2020-03-15	ka	6	1	0	Karnataka
2020-03-16	ka	7	1	0	Karnataka
2020-03-17	ka	9	1	0	Karnataka
2020-03-18	ka	14	1	0	Karnataka
2020-03-19	ka	15	1	0	Karnataka
2020-03-20	ka	15	1	1	Karnataka
2020-03-21	ka	20	1	1	Karnataka
2020-03-22	ka	26	1	1	Karnataka
2020-03-23	ka	33	1	2	Karnataka
2020-03-24	ka	41	1	3	Karnataka
2020-03-25	ka	51	1	3	Karnataka
2020-03-26	ka	55	2	3	Karnataka
2020-03-27	ka	64	3	5	Karnataka
2020-03-28	ka	81	3	5	Karnataka
2020-03-29	ka	83	3	5	Karnataka
2020-03-30	ka	88	3	6	Karnataka
2020-03-31	ka	101	3	8	Karnataka
2020-04-01	ka	110	3	9	Karnataka
2020-04-02	ka	124	3	11	Karnataka
2020-04-03	ka	128	4	11	Karnataka
2020-04-04	ka	144	4	11	Karnataka
2020-04-05	ka	151	4	12	Karnataka
2020-04-06	ka	163	4	20	Karnataka
2020-04-07	ka	175	4	25	Karnataka
2020-04-08	ka	181	5	28	Karnataka
2020-04-09	ka	197	6	30	Karnataka
2020-04-10	ka	207	6	34	Karnataka
2020-04-11	ka	215	6	39	Karnataka
2020-04-12	ka	232	6	54	Karnataka
2020-04-13	ka	247	8	60	Karnataka
2020-04-14	ka	260	10	71	Karnataka
2020-04-15	ka	279	12	80	Karnataka
2020-04-16	ka	315	13	82	Karnataka
2020-04-17	ka	359	13	88	Karnataka
2020-04-18	ka	384	14	104	Karnataka
2020-03-15	kl	24	0	3	Kerala
2020-03-16	kl	27	0	3	Kerala
2020-03-17	kl	27	0	3	Kerala
2020-03-18	kl	27	0	3	Kerala
2020-03-19	kl	28	0	3	Kerala
2020-03-20	kl	40	0	3	Kerala
2020-03-21	kl	52	0	3	Kerala
2020-03-22	kl	67	0	3	Kerala
2020-03-23	kl	95	0	3	Kerala
2020-03-24	kl	109	0	4	Kerala
2020-03-25	kl	118	0	4	Kerala
2020-03-26	kl	137	0	11	Kerala
2020-03-27	kl	176	0	11	Kerala
2020-03-28	kl	182	1	12	Kerala
2020-03-29	kl	202	1	16	Kerala
2020-03-30	kl	234	1	20	Kerala
2020-03-31	kl	241	2	24	Kerala
2020-04-01	kl	265	2	26	Kerala
2020-04-02	kl	286	2	28	Kerala
2020-04-03	kl	295	2	42	Kerala
2020-04-04	kl	306	2	50	Kerala
2020-04-05	kl	314	2	56	Kerala
2020-04-06	kl	327	2	59	Kerala
2020-04-07	kl	335	2	71	Kerala
2020-04-08	kl	344	2	84	Kerala
2020-04-09	kl	356	2	97	Kerala
2020-04-10	kl	363	2	124	Kerala
2020-04-11	kl	373	2	143	Kerala
2020-04-12	kl	375	2	179	Kerala
2020-04-13	kl	378	2	198	Kerala
2020-04-14	kl	386	2	211	Kerala
2020-04-15	kl	387	2	218	Kerala
2020-04-16	kl	394	2	245	Kerala
2020-04-17	kl	395	2	255	Kerala
2020-04-18	kl	399	2	257	Kerala
2020-03-15	la	0	0	0	Ladakh
2020-03-16	la	0	0	0	Ladakh
2020-03-17	la	0	0	0	Ladakh
2020-03-18	la	8	0	0	Ladakh
2020-03-19	la	8	0	0	Ladakh
2020-03-20	la	10	0	0	Ladakh
2020-03-21	la	13	0	0	Ladakh
2020-03-22	la	13	0	0	Ladakh
2020-03-23	la	13	0	0	Ladakh
2020-03-24	la	13	0	0	Ladakh
2020-03-25	la	13	0	0	Ladakh
2020-03-26	la	13	0	0	Ladakh
2020-03-27	la	13	0	3	Ladakh
2020-03-28	la	13	0	3	Ladakh
2020-03-29	la	13	0	3	Ladakh
2020-03-30	la	13	0	3	Ladakh
2020-03-31	la	13	0	3	Ladakh
2020-04-01	la	13	0	3	Ladakh
2020-04-02	la	13	0	3	Ladakh
2020-04-03	la	14	0	3	Ladakh
2020-04-04	la	14	0	3	Ladakh
2020-04-05	la	14	0	3	Ladakh
2020-04-06	la	14	0	10	Ladakh
2020-04-07	la	14	0	10	Ladakh
2020-04-08	la	14	0	10	Ladakh
2020-04-09	la	14	0	10	Ladakh
2020-04-10	la	15	0	11	Ladakh
2020-04-11	la	15	0	11	Ladakh
2020-04-12	la	15	0	11	Ladakh
2020-04-13	la	17	0	12	Ladakh
2020-04-14	la	17	0	12	Ladakh
2020-04-15	la	18	0	12	Ladakh
2020-04-16	la	18	0	14	Ladakh
2020-04-17	la	18	0	14	Ladakh
2020-04-18	la	18	0	14	Ladakh
2020-03-15	ld	0	0	0	Lakshadweep
2020-03-16	ld	0	0	0	Lakshadweep
2020-03-17	ld	0	0	0	Lakshadweep
2020-03-18	ld	0	0	0	Lakshadweep
2020-03-19	ld	0	0	0	Lakshadweep
2020-03-20	ld	0	0	0	Lakshadweep
2020-03-21	ld	0	0	0	Lakshadweep
2020-03-22	ld	0	0	0	Lakshadweep
2020-03-23	ld	0	0	0	Lakshadweep
2020-03-24	ld	0	0	0	Lakshadweep
2020-03-25	ld	0	0	0	Lakshadweep
2020-03-26	ld	0	0	0	Lakshadweep
2020-03-27	ld	0	0	0	Lakshadweep
2020-03-28	ld	0	0	0	Lakshadweep
2020-03-29	ld	0	0	0	Lakshadweep
2020-03-30	ld	0	0	0	Lakshadweep
2020-03-31	ld	0	0	0	Lakshadweep
2020-04-01	ld	0	0	0	Lakshadweep
2020-04-02	ld	0	0	0	Lakshadweep
2020-04-03	ld	0	0	0	Lakshadweep
2020-04-04	ld	0	0	0	Lakshadweep
2020-04-05	ld	0	0	0	Lakshadweep
2020-04-06	ld	0	0	0	Lakshadweep
2020-04-07	ld	0	0	0	Lakshadweep
2020-04-08	ld	0	0	0	Lakshadweep
2020-04-09	ld	0	0	0	Lakshadweep
2020-04-10	ld	0	0	0	Lakshadweep
2020-04-11	ld	0	0	0	Lakshadweep
2020-04-12	ld	0	0	0	Lakshadweep
2020-04-13	ld	0	0	0	Lakshadweep
2020-04-14	ld	0	0	0	Lakshadweep
2020-04-15	ld	0	0	0	Lakshadweep
2020-04-16	ld	0	0	0	Lakshadweep
2020-04-17	ld	0	0	0	Lakshadweep
2020-04-18	ld	0	0	0	Lakshadweep
2020-03-15	mh	32	0	0	Maharashtra
2020-03-16	mh	38	0	0	Maharashtra
2020-03-17	mh	41	1	0	Maharashtra
2020-03-18	mh	44	1	0	Maharashtra
2020-03-19	mh	48	1	0	Maharashtra
2020-03-20	mh	52	1	0	Maharashtra
2020-03-21	mh	64	1	0	Maharashtra
2020-03-22	mh	74	2	0	Maharashtra
2020-03-23	mh	97	2	0	Maharashtra
2020-03-24	mh	107	2	0	Maharashtra
2020-03-25	mh	122	2	1	Maharashtra
2020-03-26	mh	125	3	1	Maharashtra
2020-03-27	mh	156	4	19	Maharashtra
2020-03-28	mh	186	6	25	Maharashtra
2020-03-29	mh	203	7	25	Maharashtra
2020-03-30	mh	220	9	39	Maharashtra
2020-03-31	mh	302	10	39	Maharashtra
2020-04-01	mh	335	13	39	Maharashtra
2020-04-02	mh	423	21	42	Maharashtra
2020-04-03	mh	487	26	50	Maharashtra
2020-04-04	mh	635	32	52	Maharashtra
2020-04-05	mh	747	45	56	Maharashtra
2020-04-06	mh	868	52	70	Maharashtra
2020-04-07	mh	1018	64	79	Maharashtra
2020-04-08	mh	1135	72	117	Maharashtra
2020-04-09	mh	1364	97	125	Maharashtra
2020-04-10	mh	1574	109	188	Maharashtra
2020-04-11	mh	1761	126	208	Maharashtra
2020-04-12	mh	1982	148	217	Maharashtra
2020-04-13	mh	2334	159	229	Maharashtra
2020-04-14	mh	2680	177	259	Maharashtra
2020-04-15	mh	2916	186	295	Maharashtra
2020-04-16	mh	3201	193	300	Maharashtra
2020-04-17	mh	3321	200	331	Maharashtra
2020-04-18	mh	3648	210	365	Maharashtra
2020-03-15	ml	0	0	0	Meghalaya
2020-03-16	ml	0	0	0	Meghalaya
2020-03-17	ml	0	0	0	Meghalaya
2020-03-18	ml	0	0	0	Meghalaya
2020-03-19	ml	0	0	0	Meghalaya
2020-03-20	ml	0	0	0	Meghalaya
2020-03-21	ml	0	0	0	Meghalaya
2020-03-22	ml	0	0	0	Meghalaya
2020-03-23	ml	0	0	0	Meghalaya
2020-03-24	ml	0	0	0	Meghalaya
2020-03-25	ml	0	0	0	Meghalaya
2020-03-26	ml	0	0	0	Meghalaya
2020-03-27	ml	0	0	0	Meghalaya
2020-03-28	ml	0	0	0	Meghalaya
2020-03-29	ml	0	0	0	Meghalaya
2020-03-30	ml	0	0	0	Meghalaya
2020-03-31	ml	0	0	0	Meghalaya
2020-04-01	ml	0	0	0	Meghalaya
2020-04-02	ml	0	0	0	Meghalaya
2020-04-03	ml	0	0	0	Meghalaya
2020-04-04	ml	0	0	0	Meghalaya
2020-04-05	ml	0	0	0	Meghalaya
2020-04-06	ml	0	0	0	Meghalaya
2020-04-07	ml	0	0	0	Meghalaya
2020-04-08	ml	0	0	0	Meghalaya
2020-04-09	ml	0	0	0	Meghalaya
2020-04-10	ml	0	0	0	Meghalaya
2020-04-11	ml	0	0	0	Meghalaya
2020-04-12	ml	0	0	0	Meghalaya
2020-04-13	ml	1	0	0	Meghalaya
2020-04-14	ml	1	0	0	Meghalaya
2020-04-15	ml	7	1	0	Meghalaya
2020-04-16	ml	9	1	0	Meghalaya
2020-04-17	ml	9	1	0	Meghalaya
2020-04-18	ml	11	1	0	Meghalaya
2020-03-15	mn	0	0	0	Manipur
2020-03-16	mn	0	0	0	Manipur
2020-03-17	mn	0	0	0	Manipur
2020-03-18	mn	0	0	0	Manipur
2020-03-19	mn	0	0	0	Manipur
2020-03-20	mn	0	0	0	Manipur
2020-03-21	mn	0	0	0	Manipur
2020-03-22	mn	0	0	0	Manipur
2020-03-23	mn	0	0	0	Manipur
2020-03-24	mn	1	0	0	Manipur
2020-03-25	mn	1	0	0	Manipur
2020-03-26	mn	1	0	0	Manipur
2020-03-27	mn	1	0	0	Manipur
2020-03-28	mn	1	0	0	Manipur
2020-03-29	mn	1	0	0	Manipur
2020-03-30	mn	1	0	0	Manipur
2020-03-31	mn	1	0	0	Manipur
2020-04-01	mn	1	0	0	Manipur
2020-04-02	mn	2	0	0	Manipur
2020-04-03	mn	2	0	0	Manipur
2020-04-04	mn	2	0	0	Manipur
2020-04-05	mn	2	0	0	Manipur
2020-04-06	mn	2	0	1	Manipur
2020-04-07	mn	2	0	1	Manipur
2020-04-08	mn	2	0	1	Manipur
2020-04-09	mn	2	0	1	Manipur
2020-04-10	mn	2	0	1	Manipur
2020-04-11	mn	2	0	1	Manipur
2020-04-12	mn	2	0	1	Manipur
2020-04-13	mn	2	0	1	Manipur
2020-04-14	mn	2	0	1	Manipur
2020-04-15	mn	2	0	1	Manipur
2020-04-16	mn	2	0	1	Manipur
2020-04-17	mn	2	0	1	Manipur
2020-04-18	mn	2	0	1	Manipur
2020-03-15	mp	0	0	0	Madhya Pradesh
2020-03-16	mp	0	0	0	Madhya Pradesh
2020-03-17	mp	0	0	0	Madhya Pradesh
2020-03-18	mp	0	0	0	Madhya Pradesh
2020-03-19	mp	0	0	0	Madhya Pradesh
2020-03-20	mp	4	0	0	Madhya Pradesh
2020-03-21	mp	4	0	0	Madhya Pradesh
2020-03-22	mp	6	0	0	Madhya Pradesh
2020-03-23	mp	6	0	0	Madhya Pradesh
2020-03-24	mp	7	0	0	Madhya Pradesh
2020-03-25	mp	15	1	0	Madhya Pradesh
2020-03-26	mp	20	1	0	Madhya Pradesh
2020-03-27	mp	29	2	0	Madhya Pradesh
2020-03-28	mp	39	2	0	Madhya Pradesh
2020-03-29	mp	39	2	0	Madhya Pradesh
2020-03-30	mp	47	4	0	Madhya Pradesh
2020-03-31	mp	66	5	0	Madhya Pradesh
2020-04-01	mp	98	6	0	Madhya Pradesh
2020-04-02	mp	107	8	0	Madhya Pradesh
2020-04-03	mp	154	8	0	Madhya Pradesh
2020-04-04	mp	179	11	0	Madhya Pradesh
2020-04-05	mp	193	13	3	Madhya Pradesh
2020-04-06	mp	256	15	11	Madhya Pradesh
2020-04-07	mp	290	21	21	Madhya Pradesh
2020-04-08	mp	341	24	25	Madhya Pradesh
2020-04-09	mp	411	33	25	Madhya Pradesh
2020-04-10	mp	451	37	37	Madhya Pradesh
2020-04-11	mp	529	41	38	Madhya Pradesh
2020-04-12	mp	562	44	41	Madhya Pradesh
2020-04-13	mp	614	51	51	Madhya Pradesh
2020-04-14	mp	741	54	64	Madhya Pradesh
2020-04-15	mp	938	54	64	Madhya Pradesh
2020-04-16	mp	1164	56	70	Madhya Pradesh
2020-04-17	mp	1310	70	70	Madhya Pradesh
2020-04-18	mp	1402	70	127	Madhya Pradesh
2020-03-15	mz	0	0	0	Mizoram
2020-03-16	mz	0	0	0	Mizoram
2020-03-17	mz	0	0	0	Mizoram
2020-03-18	mz	0	0	0	Mizoram
2020-03-19	mz	0	0	0	Mizoram
2020-03-20	mz	0	0	0	Mizoram
2020-03-21	mz	0	0	0	Mizoram
2020-03-22	mz	0	0	0	Mizoram
2020-03-23	mz	0	0	0	Mizoram
2020-03-24	mz	0	0	0	Mizoram
2020-03-25	mz	1	0	0	Mizoram
2020-03-26	mz	1	0	0	Mizoram
2020-03-27	mz	1	0	0	Mizoram
2020-03-28	mz	1	0	0	Mizoram
2020-03-29	mz	1	0	0	Mizoram
2020-03-30	mz	1	0	0	Mizoram
2020-03-31	mz	1	0	0	Mizoram
2020-04-01	mz	1	0	0	Mizoram
2020-04-02	mz	1	0	0	Mizoram
2020-04-03	mz	1	0	0	Mizoram
2020-04-04	mz	1	0	0	Mizoram
2020-04-05	mz	1	0	0	Mizoram
2020-04-06	mz	1	0	0	Mizoram
2020-04-07	mz	1	0	0	Mizoram
2020-04-08	mz	1	0	0	Mizoram
2020-04-09	mz	1	0	0	Mizoram
2020-04-10	mz	1	0	0	Mizoram
2020-04-11	mz	1	0	0	Mizoram
2020-04-12	mz	1	0	0	Mizoram
2020-04-13	mz	1	0	0	Mizoram
2020-04-14	mz	1	0	0	Mizoram
2020-04-15	mz	1	0	0	Mizoram
2020-04-16	mz	1	0	0	Mizoram
2020-04-17	mz	1	0	0	Mizoram
2020-04-18	mz	1	0	0	Mizoram
2020-03-15	nl	0	0	0	Nagaland
2020-03-16	nl	0	0	0	Nagaland
2020-03-17	nl	0	0	0	Nagaland
2020-03-18	nl	0	0	0	Nagaland
2020-03-19	nl	0	0	0	Nagaland
2020-03-20	nl	0	0	0	Nagaland
2020-03-21	nl	0	0	0	Nagaland
2020-03-22	nl	0	0	0	Nagaland
2020-03-23	nl	0	0	0	Nagaland
2020-03-24	nl	0	0	0	Nagaland
2020-03-25	nl	0	0	0	Nagaland
2020-03-26	nl	0	0	0	Nagaland
2020-03-27	nl	0	0	0	Nagaland
2020-03-28	nl	0	0	0	Nagaland
2020-03-29	nl	0	0	0	Nagaland
2020-03-30	nl	0	0	0	Nagaland
2020-03-31	nl	0	0	0	Nagaland
2020-04-01	nl	0	0	0	Nagaland
2020-04-02	nl	0	0	0	Nagaland
2020-04-03	nl	0	0	0	Nagaland
2020-04-04	nl	0	0	0	Nagaland
2020-04-05	nl	0	0	0	Nagaland
2020-04-06	nl	0	0	0	Nagaland
2020-04-07	nl	0	0	0	Nagaland
2020-04-08	nl	0	0	0	Nagaland
2020-04-09	nl	0	0	0	Nagaland
2020-04-10	nl	0	0	0	Nagaland
2020-04-11	nl	0	0	0	Nagaland
2020-04-12	nl	1	0	0	Nagaland
2020-04-13	nl	1	0	0	Nagaland
2020-04-14	nl	1	0	0	Nagaland
2020-04-15	nl	1	0	0	Nagaland
2020-04-16	nl	1	0	0	Nagaland
2020-04-17	nl	1	0	0	Nagaland
2020-04-18	nl	1	0	0	Nagaland
2020-03-15	or	0	0	0	Orissa
2020-03-16	or	1	0	0	Orissa
2020-03-17	or	1	0	0	Orissa
2020-03-18	or	2	0	0	Orissa
2020-03-19	or	2	0	0	Orissa
2020-03-20	or	2	0	0	Orissa
2020-03-21	or	2	0	0	Orissa
2020-03-22	or	2	0	0	Orissa
2020-03-23	or	2	0	0	Orissa
2020-03-24	or	2	0	0	Orissa
2020-03-25	or	2	0	0	Orissa
2020-03-26	or	3	0	0	Orissa
2020-03-27	or	3	0	0	Orissa
2020-03-28	or	3	0	0	Orissa
2020-03-29	or	3	0	0	Orissa
2020-03-30	or	3	0	0	Orissa
2020-03-31	or	4	0	0	Orissa
2020-04-01	or	5	0	1	Orissa
2020-04-02	or	5	0	1	Orissa
2020-04-03	or	20	0	2	Orissa
2020-04-04	or	21	0	2	Orissa
2020-04-05	or	39	0	2	Orissa
2020-04-06	or	40	0	2	Orissa
2020-04-07	or	42	1	2	Orissa
2020-04-08	or	42	1	2	Orissa
2020-04-09	or	48	1	2	Orissa
2020-04-10	or	50	1	12	Orissa
2020-04-11	or	54	1	12	Orissa
2020-04-12	or	54	1	12	Orissa
2020-04-13	or	55	1	18	Orissa
2020-04-14	or	60	1	18	Orissa
2020-04-15	or	60	1	19	Orissa
2020-04-16	or	60	1	19	Orissa
2020-04-17	or	60	1	21	Orissa
2020-04-18	or	61	1	24	Orissa
2020-03-15	pb	1	0	0	Punjab
2020-03-16	pb	1	0	0	Punjab
2020-03-17	pb	1	0	0	Punjab
2020-03-18	pb	2	0	0	Punjab
2020-03-19	pb	2	1	0	Punjab
2020-03-20	pb	3	1	0	Punjab
2020-03-21	pb	13	1	0	Punjab
2020-03-22	pb	21	1	0	Punjab
2020-03-23	pb	23	1	0	Punjab
2020-03-24	pb	29	1	0	Punjab
2020-03-25	pb	31	1	0	Punjab
2020-03-26	pb	33	1	0	Punjab
2020-03-27	pb	38	1	1	Punjab
2020-03-28	pb	38	1	1	Punjab
2020-03-29	pb	38	1	1	Punjab
2020-03-30	pb	41	3	1	Punjab
2020-03-31	pb	42	4	1	Punjab
2020-04-01	pb	46	4	1	Punjab
2020-04-02	pb	47	5	1	Punjab
2020-04-03	pb	53	5	1	Punjab
2020-04-04	pb	65	5	3	Punjab
2020-04-05	pb	68	7	4	Punjab
2020-04-06	pb	79	7	4	Punjab
2020-04-07	pb	99	8	14	Punjab
2020-04-08	pb	106	9	14	Punjab
2020-04-09	pb	130	10	18	Punjab
2020-04-10	pb	151	11	20	Punjab
2020-04-11	pb	158	12	20	Punjab
2020-04-12	pb	170	12	23	Punjab
2020-04-13	pb	176	12	25	Punjab
2020-04-14	pb	184	13	27	Punjab
2020-04-15	pb	186	13	27	Punjab
2020-04-16	pb	197	14	29	Punjab
2020-04-17	pb	211	14	30	Punjab
2020-04-18	pb	234	16	31	Punjab
2020-03-15	py	0	0	0	Pondicherry
2020-03-16	py	1	0	0	Pondicherry
2020-03-17	py	1	0	0	Pondicherry
2020-03-18	py	1	0	0	Pondicherry
2020-03-19	py	1	0	0	Pondicherry
2020-03-20	py	1	0	0	Pondicherry
2020-03-21	py	1	0	0	Pondicherry
2020-03-22	py	1	0	0	Pondicherry
2020-03-23	py	1	0	0	Pondicherry
2020-03-24	py	1	0	0	Pondicherry
2020-03-25	py	1	0	0	Pondicherry
2020-03-26	py	1	0	0	Pondicherry
2020-03-27	py	1	0	0	Pondicherry
2020-03-28	py	1	0	0	Pondicherry
2020-03-29	py	1	0	0	Pondicherry
2020-03-30	py	1	0	0	Pondicherry
2020-03-31	py	1	0	0	Pondicherry
2020-04-01	py	3	0	0	Pondicherry
2020-04-02	py	5	0	0	Pondicherry
2020-04-03	py	5	0	0	Pondicherry
2020-04-04	py	5	0	0	Pondicherry
2020-04-05	py	5	0	0	Pondicherry
2020-04-06	py	5	0	0	Pondicherry
2020-04-07	py	5	0	1	Pondicherry
2020-04-08	py	5	0	1	Pondicherry
2020-04-09	py	5	0	1	Pondicherry
2020-04-10	py	7	0	1	Pondicherry
2020-04-11	py	7	0	1	Pondicherry
2020-04-12	py	7	0	1	Pondicherry
2020-04-13	py	7	0	1	Pondicherry
2020-04-14	py	7	0	1	Pondicherry
2020-04-15	py	7	0	1	Pondicherry
2020-04-16	py	7	0	1	Pondicherry
2020-04-17	py	7	0	1	Pondicherry
2020-04-18	py	7	0	4	Pondicherry
2020-03-15	rj	4	0	3	Rajasthan
2020-03-16	rj	4	0	3	Rajasthan
2020-03-17	rj	4	0	3	Rajasthan
2020-03-18	rj	7	0	3	Rajasthan
2020-03-19	rj	9	0	3	Rajasthan
2020-03-20	rj	17	0	3	Rajasthan
2020-03-21	rj	24	0	3	Rajasthan
2020-03-22	rj	28	0	3	Rajasthan
2020-03-23	rj	32	0	3	Rajasthan
2020-03-24	rj	32	0	3	Rajasthan
2020-03-25	rj	38	0	3	Rajasthan
2020-03-26	rj	40	0	3	Rajasthan
2020-03-27	rj	50	0	3	Rajasthan
2020-03-28	rj	54	0	3	Rajasthan
2020-03-29	rj	59	0	3	Rajasthan
2020-03-30	rj	79	0	3	Rajasthan
2020-03-31	rj	93	0	3	Rajasthan
2020-04-01	rj	120	0	3	Rajasthan
2020-04-02	rj	133	0	3	Rajasthan
2020-04-03	rj	179	0	3	Rajasthan
2020-04-04	rj	206	1	25	Rajasthan
2020-04-05	rj	266	1	25	Rajasthan
2020-04-06	rj	301	2	25	Rajasthan
2020-04-07	rj	343	2	25	Rajasthan
2020-04-08	rj	383	3	45	Rajasthan
2020-04-09	rj	463	3	60	Rajasthan
2020-04-10	rj	561	3	60	Rajasthan
2020-04-11	rj	700	9	116	Rajasthan
2020-04-12	rj	804	11	121	Rajasthan
2020-04-13	rj	897	11	121	Rajasthan
2020-04-14	rj	1005	11	147	Rajasthan
2020-04-15	rj	1076	11	147	Rajasthan
2020-04-16	rj	1131	11	164	Rajasthan
2020-04-17	rj	1229	17	183	Rajasthan
2020-04-18	rj	1351	21	200	Rajasthan
2020-03-15	sk	0	0	0	Sikkim
2020-03-16	sk	0	0	0	Sikkim
2020-03-17	sk	0	0	0	Sikkim
2020-03-18	sk	0	0	0	Sikkim
2020-03-19	sk	0	0	0	Sikkim
2020-03-20	sk	0	0	0	Sikkim
2020-03-21	sk	0	0	0	Sikkim
2020-03-22	sk	0	0	0	Sikkim
2020-03-23	sk	0	0	0	Sikkim
2020-03-24	sk	0	0	0	Sikkim
2020-03-25	sk	0	0	0	Sikkim
2020-03-26	sk	0	0	0	Sikkim
2020-03-27	sk	0	0	0	Sikkim
2020-03-28	sk	0	0	0	Sikkim
2020-03-29	sk	0	0	0	Sikkim
2020-03-30	sk	0	0	0	Sikkim
2020-03-31	sk	0	0	0	Sikkim
2020-04-01	sk	0	0	0	Sikkim
2020-04-02	sk	0	0	0	Sikkim
2020-04-03	sk	0	0	0	Sikkim
2020-04-04	sk	0	0	0	Sikkim
2020-04-05	sk	0	0	0	Sikkim
2020-04-06	sk	0	0	0	Sikkim
2020-04-07	sk	0	0	0	Sikkim
2020-04-08	sk	0	0	0	Sikkim
2020-04-09	sk	0	0	0	Sikkim
2020-04-10	sk	0	0	0	Sikkim
2020-04-11	sk	0	0	0	Sikkim
2020-04-12	sk	0	0	0	Sikkim
2020-04-13	sk	0	0	0	Sikkim
2020-04-14	sk	0	0	0	Sikkim
2020-04-15	sk	0	0	0	Sikkim
2020-04-16	sk	0	0	0	Sikkim
2020-04-17	sk	0	0	0	Sikkim
2020-04-18	sk	0	0	0	Sikkim
2020-03-15	tg	3	0	1	Telangana
2020-03-16	tg	4	0	1	Telangana
2020-03-17	tg	5	0	1	Telangana
2020-03-18	tg	13	0	1	Telangana
2020-03-19	tg	16	0	1	Telangana
2020-03-20	tg	19	0	1	Telangana
2020-03-21	tg	21	0	1	Telangana
2020-03-22	tg	27	0	1	Telangana
2020-03-23	tg	33	0	1	Telangana
2020-03-24	tg	37	0	1	Telangana
2020-03-25	tg	41	0	1	Telangana
2020-03-26	tg	44	0	1	Telangana
2020-03-27	tg	59	0	1	Telangana
2020-03-28	tg	67	1	1	Telangana
2020-03-29	tg	70	1	1	Telangana
2020-03-30	tg	77	6	14	Telangana
2020-03-31	tg	97	6	14	Telangana
2020-04-01	tg	127	9	14	Telangana
2020-04-02	tg	154	9	17	Telangana
2020-04-03	tg	229	11	32	Telangana
2020-04-04	tg	272	11	33	Telangana
2020-04-05	tg	334	11	33	Telangana
2020-04-06	tg	364	11	45	Telangana
2020-04-07	tg	404	11	45	Telangana
2020-04-08	tg	453	11	45	Telangana
2020-04-09	tg	471	12	45	Telangana
2020-04-10	tg	487	12	45	Telangana
2020-04-11	tg	503	14	96	Telangana
2020-04-12	tg	531	16	103	Telangana
2020-04-13	tg	592	17	103	Telangana
2020-04-14	tg	644	18	110	Telangana
2020-04-15	tg	650	18	118	Telangana
2020-04-16	tg	700	18	186	Telangana
2020-04-17	tg	766	18	186	Telangana
2020-04-18	tg	809	18	186	Telangana
2020-03-15	tn	1	0	0	Tamil Nadu
2020-03-16	tn	1	0	1	Tamil Nadu
2020-03-17	tn	1	0	1	Tamil Nadu
2020-03-18	tn	2	0	1	Tamil Nadu
2020-03-19	tn	3	0	1	Tamil Nadu
2020-03-20	tn	3	0	1	Tamil Nadu
2020-03-21	tn	6	0	1	Tamil Nadu
2020-03-22	tn	9	0	1	Tamil Nadu
2020-03-23	tn	12	0	1	Tamil Nadu
2020-03-24	tn	18	1	1	Tamil Nadu
2020-03-25	tn	26	1	1	Tamil Nadu
2020-03-26	tn	29	1	1	Tamil Nadu
2020-03-27	tn	38	1	2	Tamil Nadu
2020-03-28	tn	42	1	2	Tamil Nadu
2020-03-29	tn	50	1	2	Tamil Nadu
2020-03-30	tn	67	1	4	Tamil Nadu
2020-03-31	tn	124	1	6	Tamil Nadu
2020-04-01	tn	234	1	6	Tamil Nadu
2020-04-02	tn	309	1	6	Tamil Nadu
2020-04-03	tn	411	1	6	Tamil Nadu
2020-04-04	tn	485	3	8	Tamil Nadu
2020-04-05	tn	571	5	8	Tamil Nadu
2020-04-06	tn	621	6	13	Tamil Nadu
2020-04-07	tn	690	7	19	Tamil Nadu
2020-04-08	tn	738	8	21	Tamil Nadu
2020-04-09	tn	834	8	27	Tamil Nadu
2020-04-10	tn	911	9	44	Tamil Nadu
2020-04-11	tn	969	10	44	Tamil Nadu
2020-04-12	tn	1075	11	50	Tamil Nadu
2020-04-13	tn	1173	11	58	Tamil Nadu
2020-04-14	tn	1204	12	81	Tamil Nadu
2020-04-15	tn	1242	14	118	Tamil Nadu
2020-04-16	tn	1267	15	180	Tamil Nadu
2020-04-17	tn	1323	15	283	Tamil Nadu
2020-04-18	tn	1372	15	365	Tamil Nadu
2020-03-15	tr	0	0	0	Tripura
2020-03-16	tr	0	0	0	Tripura
2020-03-17	tr	0	0	0	Tripura
2020-03-18	tr	0	0	0	Tripura
2020-03-19	tr	0	0	0	Tripura
2020-03-20	tr	0	0	0	Tripura
2020-03-21	tr	0	0	0	Tripura
2020-03-22	tr	0	0	0	Tripura
2020-03-23	tr	0	0	0	Tripura
2020-03-24	tr	0	0	0	Tripura
2020-03-25	tr	0	0	0	Tripura
2020-03-26	tr	0	0	0	Tripura
2020-03-27	tr	0	0	0	Tripura
2020-03-28	tr	0	0	0	Tripura
2020-03-29	tr	0	0	0	Tripura
2020-03-30	tr	0	0	0	Tripura
2020-03-31	tr	0	0	0	Tripura
2020-04-01	tr	0	0	0	Tripura
2020-04-02	tr	0	0	0	Tripura
2020-04-03	tr	0	0	0	Tripura
2020-04-04	tr	0	0	0	Tripura
2020-04-05	tr	0	0	0	Tripura
2020-04-06	tr	1	0	0	Tripura
2020-04-07	tr	1	0	0	Tripura
2020-04-08	tr	1	0	0	Tripura
2020-04-09	tr	1	0	0	Tripura
2020-04-10	tr	2	0	0	Tripura
2020-04-11	tr	2	0	0	Tripura
2020-04-12	tr	2	0	0	Tripura
2020-04-13	tr	2	0	0	Tripura
2020-04-14	tr	2	0	0	Tripura
2020-04-15	tr	2	0	1	Tripura
2020-04-16	tr	2	0	1	Tripura
2020-04-17	tr	2	0	1	Tripura
2020-04-18	tr	2	0	1	Tripura
2020-03-15	up	13	0	4	Uttar Pradesh
2020-03-16	up	13	0	4	Uttar Pradesh
2020-03-17	up	15	0	5	Uttar Pradesh
2020-03-18	up	17	0	5	Uttar Pradesh
2020-03-19	up	20	0	9	Uttar Pradesh
2020-03-20	up	24	0	9	Uttar Pradesh
2020-03-21	up	28	0	9	Uttar Pradesh
2020-03-22	up	30	0	9	Uttar Pradesh
2020-03-23	up	32	0	9	Uttar Pradesh
2020-03-24	up	35	0	11	Uttar Pradesh
2020-03-25	up	38	0	11	Uttar Pradesh
2020-03-26	up	42	0	11	Uttar Pradesh
2020-03-27	up	49	0	11	Uttar Pradesh
2020-03-28	up	65	0	11	Uttar Pradesh
2020-03-29	up	72	0	11	Uttar Pradesh
2020-03-30	up	96	0	17	Uttar Pradesh
2020-03-31	up	104	0	17	Uttar Pradesh
2020-04-01	up	117	2	17	Uttar Pradesh
2020-04-02	up	128	2	17	Uttar Pradesh
2020-04-03	up	174	2	17	Uttar Pradesh
2020-04-04	up	234	2	21	Uttar Pradesh
2020-04-05	up	278	3	21	Uttar Pradesh
2020-04-06	up	305	3	21	Uttar Pradesh
2020-04-07	up	332	3	21	Uttar Pradesh
2020-04-08	up	361	4	31	Uttar Pradesh
2020-04-09	up	410	4	31	Uttar Pradesh
2020-04-10	up	433	4	32	Uttar Pradesh
2020-04-11	up	452	5	45	Uttar Pradesh
2020-04-12	up	483	5	45	Uttar Pradesh
2020-04-13	up	558	5	49	Uttar Pradesh
2020-04-14	up	660	8	50	Uttar Pradesh
2020-04-15	up	735	11	57	Uttar Pradesh
2020-04-16	up	805	13	68	Uttar Pradesh
2020-04-17	up	849	14	82	Uttar Pradesh
2020-04-18	up	974	14	108	Uttar Pradesh
2020-03-15	ut	0	0	0	Uttarakhand
2020-03-16	ut	1	0	0	Uttarakhand
2020-03-17	ut	1	0	0	Uttarakhand
2020-03-18	ut	2	0	0	Uttarakhand
2020-03-19	ut	3	0	0	Uttarakhand
2020-03-20	ut	3	0	0	Uttarakhand
2020-03-21	ut	3	0	0	Uttarakhand
2020-03-22	ut	3	0	0	Uttarakhand
2020-03-23	ut	4	0	0	Uttarakhand
2020-03-24	ut	4	0	0	Uttarakhand
2020-03-25	ut	5	0	0	Uttarakhand
2020-03-26	ut	5	0	0	Uttarakhand
2020-03-27	ut	5	0	0	Uttarakhand
2020-03-28	ut	6	0	1	Uttarakhand
2020-03-29	ut	7	0	1	Uttarakhand
2020-03-30	ut	7	0	2	Uttarakhand
2020-03-31	ut	7	0	2	Uttarakhand
2020-04-01	ut	7	0	2	Uttarakhand
2020-04-02	ut	10	0	2	Uttarakhand
2020-04-03	ut	16	0	2	Uttarakhand
2020-04-04	ut	22	0	2	Uttarakhand
2020-04-05	ut	26	0	4	Uttarakhand
2020-04-06	ut	31	0	4	Uttarakhand
2020-04-07	ut	31	0	4	Uttarakhand
2020-04-08	ut	35	0	5	Uttarakhand
2020-04-09	ut	35	0	5	Uttarakhand
2020-04-10	ut	35	0	5	Uttarakhand
2020-04-11	ut	35	0	5	Uttarakhand
2020-04-12	ut	35	0	5	Uttarakhand
2020-04-13	ut	35	0	7	Uttarakhand
2020-04-14	ut	37	0	9	Uttarakhand
2020-04-15	ut	37	0	9	Uttarakhand
2020-04-16	ut	37	0	9	Uttarakhand
2020-04-17	ut	40	0	9	Uttarakhand
2020-04-18	ut	42	0	9	Uttarakhand
2020-03-15	wb	0	0	0	West Bengal
2020-03-16	wb	0	0	0	West Bengal
2020-03-17	wb	1	0	0	West Bengal
2020-03-18	wb	1	0	0	West Bengal
2020-03-19	wb	1	0	0	West Bengal
2020-03-20	wb	2	0	0	West Bengal
2020-03-21	wb	4	0	0	West Bengal
2020-03-22	wb	7	0	0	West Bengal
2020-03-23	wb	7	1	0	West Bengal
2020-03-24	wb	9	1	0	West Bengal
2020-03-25	wb	9	1	0	West Bengal
2020-03-26	wb	10	1	0	West Bengal
2020-03-27	wb	15	1	0	West Bengal
2020-03-28	wb	18	1	0	West Bengal
2020-03-29	wb	21	1	0	West Bengal
2020-03-30	wb	22	2	0	West Bengal
2020-03-31	wb	37	3	3	West Bengal
2020-04-01	wb	37	3	3	West Bengal
2020-04-02	wb	53	3	3	West Bengal
2020-04-03	wb	53	3	3	West Bengal
2020-04-04	wb	53	3	3	West Bengal
2020-04-05	wb	80	3	10	West Bengal
2020-04-06	wb	80	3	10	West Bengal
2020-04-07	wb	91	3	13	West Bengal
2020-04-08	wb	99	5	13	West Bengal
2020-04-09	wb	103	5	16	West Bengal
2020-04-10	wb	116	5	16	West Bengal
2020-04-11	wb	126	5	16	West Bengal
2020-04-12	wb	134	7	19	West Bengal
2020-04-13	wb	152	7	29	West Bengal
2020-04-14	wb	190	7	36	West Bengal
2020-04-15	wb	213	7	37	West Bengal
2020-04-16	wb	231	10	42	West Bengal
2020-04-17	wb	255	10	51	West Bengal
2020-04-18	wb	287	12	55	West Bengal
